Date,Consumption,Wind,Solar,Wind+Solar
2015-01-01,1088.317,325.165,,
2015-01-02,1246.588,603.554,7.757000000000001,611.3109999999999
2015-01-03,1117.554,462.955,7.237,470.192
2015-01-04,1081.98,385.023,19.982,405.005
2015-01-05,1325.92,216.54,26.522,243.06199999999998
2015-01-06,1331.916,117.227,32.888,150.115
2015-01-07,1442.712,227.204,17.114,244.318
2015-01-08,1474.375,440.318,8.599,448.917
2015-01-09,1459.409,641.729,6.822,648.551
2015-01-10,1242.817,634.677,20.473,655.15
2015-01-11,1162.9560000000001,630.378,19.811,650.1890000000001
2015-01-12,1485.927,631.832,11.025,642.857
2015-01-13,1462.804,511.733,50.283,562.016
2015-01-14,1462.715,406.982,18.106,425.088
2015-01-15,1479.245,556.471,17.155,573.626
2015-01-16,1431.414,249.323,22.818,272.141
2015-01-17,1227.21,137.717,21.405,159.122
2015-01-18,1139.695,127.215,31.259,158.474
2015-01-19,1457.299,31.62,23.681,55.301
2015-01-20,1489.253,16.738,10.791,27.529
2015-01-21,1486.707,50.39,22.12,72.51
2015-01-22,1496.905,62.295,12.119,74.414
2015-01-23,1470.937,38.589999999999996,7.015,45.605
2015-01-24,1281.112,156.995,9.834,166.829
2015-01-25,1164.822,111.709,11.57,123.279
2015-01-26,1482.87,231.59199999999998,10.596,242.188
2015-01-27,1488.375,268.63,17.573,286.203
2015-01-28,1519.415,441.699,16.581,458.28000000000003
2015-01-29,1508.443,400.405,27.784,428.18899999999996
2015-01-30,1464.84,89.568,13.463000000000001,103.031
2015-01-31,1249.019,133.954,20.211,154.16500000000002
2015-02-01,1154.355,121.814,24.68,146.494
2015-02-02,1483.039,197.403,20.268,217.671
2015-02-03,1502.037,97.151,27.53,124.681
2015-02-04,1509.819,40.217,31.951,72.168
2015-02-05,1510.052,127.519,29.04,156.559
2015-02-06,1491.71,168.547,46.340999999999994,214.88799999999998
2015-02-07,1284.126,284.224,46.829,331.053
2015-02-08,1185.632,405.423,52.428000000000004,457.851
2015-02-09,1498.002,382.505,15.049000000000001,397.554
2015-02-10,1488.566,145.803,24.126,169.929
2015-02-11,1485.001,26.154,28.011,54.165
2015-02-12,1478.501,24.473,40.588,65.061
2015-02-13,1445.617,96.103,64.531,160.63400000000001
2015-02-14,1230.767,117.223,67.185,184.40800000000002
2015-02-15,1140.693,202.849,60.94,263.789
2015-02-16,1412.969,204.538,60.863,265.401
2015-02-17,1470.472,64.95,40.31,105.26
2015-02-18,1484.612,134.254,40.084,174.338
2015-02-19,1494.6589999999999,243.058,62.936,305.99399999999997
2015-02-20,1457.605,332.28499999999997,79.745,412.03
2015-02-21,1244.629,270.832,49.620000000000005,320.452
2015-02-22,1145.941,162.98,52.147999999999996,215.128
2015-02-23,1480.826,365.764,28.047,393.81100000000004
2015-02-24,1485.707,317.559,50.806,368.365
2015-02-25,1462.514,107.046,72.249,179.29500000000002
2015-02-26,1470.904,177.505,106.263,283.76800000000003
2015-02-27,1470.705,136.123,65.845,201.968
2015-02-28,1291.248,207.54399999999998,,
2015-03-01,1226.988,449.938,36.689,486.627
2015-03-02,1480.703,510.473,65.601,576.0740000000001
2015-03-03,1499.319,430.852,101.146,531.9979999999999
2015-03-04,1510.344,379.82,70.464,450.284
2015-03-05,1495.675,164.825,68.65299999999999,233.47799999999998
2015-03-06,1463.662,137.7,65.591,203.291
2015-03-07,1282.701,269.203,114.555,383.758
2015-03-08,1181.541,202.513,134.967,337.48
2015-03-09,1435.309,74.482,118.812,193.29399999999998
2015-03-10,1462.913,145.528,97.029,242.557
2015-03-11,1437.868,124.231,114.654,238.885
2015-03-12,1438.843,74.429,104.666,179.095
2015-03-13,1423.038,153.325,85.05199999999999,238.37699999999998
2015-03-14,1231.576,147.215,41.484,188.699
2015-03-15,1133.542,243.312,63.373999999999995,306.68600000000004
2015-03-16,1414.431,334.719,117.274,451.993
2015-03-17,1410.491,186.918,131.46,318.37800000000004
2015-03-18,1396.249,113.941,149.835,263.776
2015-03-19,1401.271,45.01,135.883,180.893
2015-03-20,1385.701,35.961,123.325,159.286
2015-03-21,1208.019,164.02100000000002,75.309,239.33
2015-03-22,1100.999,132.09,87.082,219.172
2015-03-23,1397.927,66.905,113.18599999999999,180.091
2015-03-24,1418.924,23.567,117.003,140.57
2015-03-25,1411.658,142.024,97.624,239.648
2015-03-26,1434.0149999999999,120.27,38.512,158.78199999999998
2015-03-27,1415.5149999999999,219.295,76.243,295.538
2015-03-28,1193.753,214.583,115.419,330.002
2015-03-29,1115.478,511.272,37.867000000000004,549.139
2015-03-30,1437.551,513.145,90.4,603.545
2015-03-31,1480.838,624.673,69.417,694.09
2015-04-01,1464.67,571.055,98.713,669.7679999999999
2015-04-02,1415.983,418.503,81.68900000000001,500.192
2015-04-03,1093.478,161.446,140.233,301.679
2015-04-04,1084.874,88.662,96.847,185.50900000000001
2015-04-05,988.726,72.337,151.39,223.72699999999998
2015-04-06,1021.796,76.941,111.568,188.50900000000001
2015-04-07,1378.376,155.839,159.792,315.631
2015-04-08,1385.99,78.782,125.823,204.605
2015-04-09,1360.159,24.701,175.447,200.148
2015-04-10,1328.802,44.872,180.738,225.61
2015-04-11,1147.825,351.79699999999997,112.848,464.645
2015-04-12,1046.74,300.332,159.131,459.46299999999997
2015-04-13,1366.089,334.797,144.957,479.754
2015-04-14,1389.247,216.882,168.193,385.07500000000005
2015-04-15,1390.1879999999999,290.53,193.769,484.299
2015-04-16,1363.619,137.145,147.322,284.467
2015-04-17,1325.762,151.66,104.33,255.99
2015-04-18,1116.215,84.776,169.88,254.656
2015-04-19,1016.5070000000001,51.099000000000004,198.883,249.98200000000003
2015-04-20,1314.988,113.38,205.496,318.876
2015-04-21,1348.089,228.037,206.99,435.02700000000004
2015-04-22,1346.248,105.756,160.094,265.85
2015-04-23,1336.386,52.021,175.935,227.95600000000002
2015-04-24,1323.422,59.092,199.568,258.66
2015-04-25,1125.8609999999999,150.269,94.44,244.709
2015-04-26,1027.009,67.138,128.816,195.954
2015-04-27,1358.377,133.808,115.393,249.201
2015-04-28,1370.01,133.983,106.756,240.739
2015-04-29,1365.365,153.288,188.72,342.00800000000004
2015-04-30,1340.446,150.686,131.623,282.30899999999997
2015-05-01,1013.284,63.836999999999996,103.28,167.117
2015-05-02,1059.526,40.322,143.596,183.918
2015-05-03,1040.936,229.805,88.596,318.401
2015-05-04,1338.806,197.746,138.406,336.15200000000004
2015-05-05,1383.691,380.55899999999997,107.216,487.775
2015-05-06,1365.791,305.753,145.295,451.048
2015-05-07,1367.919,260.491,162.956,423.447
2015-05-08,1327.28,52.541,176.12800000000001,228.669
2015-05-09,1131.329,290.011,113.681,403.692
2015-05-10,1028.333,240.72,181.403,422.123
2015-05-11,1348.856,165.674,189.041,354.71500000000003
2015-05-12,1370.103,280.163,161.22,441.38300000000004
2015-05-13,1343.711,223.762,177.509,401.27099999999996
2015-05-14,1033.508,77.641,145.417,223.058
2015-05-15,1181.374,55.132,145.868,201.0
2015-05-16,1098.885,193.21,138.18,331.39
2015-05-17,1021.0070000000001,227.919,149.478,377.39700000000005
2015-05-18,1330.348,156.963,182.097,339.06
2015-05-19,1376.953,241.211,125.1,366.31100000000004
2015-05-20,1353.19,92.805,105.493,198.298
2015-05-21,1352.771,69.251,140.32,209.571
2015-05-22,1322.967,41.412,176.993,218.405
2015-05-23,1099.907,70.85,119.79599999999999,190.646
2015-05-24,948.551,22.434,143.267,165.701
2015-05-25,987.2429999999999,74.078,113.395,187.473
2015-05-26,1308.126,147.333,110.496,257.829
2015-05-27,1340.944,125.285,117.912,243.197
2015-05-28,1354.633,256.673,165.64499999999998,422.318
2015-05-29,1329.685,164.867,147.59199999999998,312.45899999999995
2015-05-30,1131.98,254.847,140.754,395.601
2015-05-31,1026.49,283.654,155.474,439.128
2015-06-01,1306.811,147.378,132.07,279.448
2015-06-02,1361.354,478.513,154.353,632.866
2015-06-03,1333.94,316.335,177.704,494.039
2015-06-04,1125.8600000000001,56.149,218.298,274.447
2015-06-05,1239.341,157.139,216.421,373.56
2015-06-06,1116.131,184.086,181.01,365.096
2015-06-07,1016.758,109.238,186.59,295.828
2015-06-08,1334.176,160.105,119.035,279.14
2015-06-09,1368.523,106.814,97.87599999999999,204.69
2015-06-10,1370.025,84.707,143.396,228.10299999999998
2015-06-11,1360.925,58.753,172.31900000000002,231.072
2015-06-12,1346.23,56.419,199.815,256.234
2015-06-13,1131.16,143.806,143.34199999999998,287.148
2015-06-14,1019.329,114.353,166.148,280.501
2015-06-15,1314.543,112.776,133.095,245.87099999999998
2015-06-16,1338.638,90.331,137.92,228.25099999999998
2015-06-17,1347.123,127.652,192.865,320.517
2015-06-18,1361.418,223.958,87.712,311.67
2015-06-19,1340.139,218.656,104.664,323.32
2015-06-20,1103.763,135.484,107.569,243.053
2015-06-21,1027.95,80.065,107.639,187.704
2015-06-22,1325.707,122.564,90.985,213.54899999999998
2015-06-23,1359.9940000000001,207.186,126.52,333.706
2015-06-24,1370.23,177.371,132.832,310.203
2015-06-25,1352.389,42.685,175.959,218.644
2015-06-26,1330.604,31.866,157.911,189.777
2015-06-27,1123.517,166.769,112.503,279.272
2015-06-28,1016.736,63.407,186.138,249.54500000000002
2015-06-29,1323.167,52.491,182.15,234.64100000000002
2015-06-30,1340.604,47.225,207.982,255.207
2015-07-01,1384.69,158.823,217.832,376.655
2015-07-02,1417.76,218.789,212.962,431.751
2015-07-03,1389.282,71.633,189.464,261.097
2015-07-04,1173.475,82.891,196.262,279.153
2015-07-05,1080.484,97.525,174.593,272.118
2015-07-06,1380.184,173.303,190.646,363.94899999999996
2015-07-07,1405.824,120.468,184.436,304.904
2015-07-08,1397.329,418.905,127.195,546.0999999999999
2015-07-09,1372.095,418.71999999999997,137.695,556.415
2015-07-10,1327.371,217.783,200.968,418.751
2015-07-11,1122.407,50.02,193.951,243.971
2015-07-12,1046.282,116.874,140.937,257.81100000000004
2015-07-13,1349.719,112.57000000000001,75.684,188.25400000000002
2015-07-14,1379.556,115.932,108.58500000000001,224.517
2015-07-15,1379.692,50.167,162.621,212.788
2015-07-16,1383.391,42.958,183.514,226.472
2015-07-17,1368.174,187.51,168.475,355.985
2015-07-18,1126.548,150.582,148.59799999999998,299.17999999999995
2015-07-19,1038.3029999999999,147.602,108.779,256.381
2015-07-20,1342.954,116.548,145.536,262.084
2015-07-21,1394.711,197.339,172.691,370.03
2015-07-22,1392.682,87.091,165.59900000000002,252.69
2015-07-23,1365.504,74.84,132.93,207.77
2015-07-24,1336.2749999999999,108.879,169.178,278.057
2015-07-25,1157.442,461.976,135.59199999999998,597.568
2015-07-26,1025.32,241.117,177.34799999999998,418.465
2015-07-27,1331.2069999999999,290.985,113.896,404.88100000000003
2015-07-28,1361.367,427.333,123.03699999999999,550.37
2015-07-29,1349.4180000000001,401.58299999999997,118.724,520.307
2015-07-30,1349.628,370.894,151.513,522.407
2015-07-31,1293.042,127.664,188.27,315.934
2015-08-01,1094.083,61.179,157.7,218.879
2015-08-02,1009.534,46.864,183.835,230.699
2015-08-03,1309.1,127.866,203.407,331.273
2015-08-04,1340.357,162.887,139.9,302.78700000000003
2015-08-05,1318.095,68.683,194.809,263.492
2015-08-06,1345.3,94.68900000000001,190.601,285.29
2015-08-07,1319.436,73.11,176.366,249.476
2015-08-08,1149.086,126.432,157.084,283.516
2015-08-09,1041.2069999999999,70.332,171.796,242.128
2015-08-10,1312.836,77.202,149.191,226.393
2015-08-11,1353.671,79.872,166.507,246.37900000000002
2015-08-12,1348.338,77.832,154.924,232.756
2015-08-13,1355.175,210.782,182.841,393.62300000000005
2015-08-14,1335.417,188.333,146.49699999999999,334.83
2015-08-15,1112.946,65.663,121.588,187.25099999999998
2015-08-16,1029.886,98.611,56.385,154.996
2015-08-17,1309.536,142.498,49.826,192.32399999999998
2015-08-18,1318.742,104.855,94.327,199.18200000000002
2015-08-19,1310.1,33.012,104.522,137.534
2015-08-20,1318.76,30.548,123.53099999999999,154.07899999999998
2015-08-21,1296.97,55.197,173.468,228.665
2015-08-22,1109.421,129.763,186.346,316.10900000000004
2015-08-23,1039.979,300.668,171.318,471.986
2015-08-24,1355.574,258.469,120.086,378.555
2015-08-25,1403.225,395.611,127.302,522.913
2015-08-26,1390.688,288.868,180.244,469.11199999999997
2015-08-27,1369.801,218.996,119.73700000000001,338.733
2015-08-28,1331.284,86.619,107.13,193.749
2015-08-29,1128.526,39.575,172.192,211.767
2015-08-30,1038.754,47.184,162.397,209.581
2015-08-31,1367.724,101.34,166.718,268.058
2015-09-01,1395.695,221.321,94.596,315.91700000000003
2015-09-02,1369.018,184.937,120.104,305.041
2015-09-03,1361.68,113.31400000000001,91.535,204.849
2015-09-04,1339.279,240.756,123.20100000000001,363.957
2015-09-05,1146.298,446.858,95.645,542.503
2015-09-06,1070.612,481.08,97.60000000000001,578.68
2015-09-07,1348.015,147.328,89.035,236.363
2015-09-08,1366.436,78.666,117.964,196.63
2015-09-09,1355.513,95.913,142.309,238.22199999999998
2015-09-10,1360.1399999999999,152.081,141.593,293.674
2015-09-11,1345.152,142.539,138.018,280.557
2015-09-12,1143.71,148.8,131.438,280.238
2015-09-13,1058.19,137.883,96.79,234.673
2015-09-14,1373.004,229.019,70.733,299.752
2015-09-15,1409.745,352.413,95.003,447.416
2015-09-16,1410.732,319.824,70.32300000000001,390.14700000000005
2015-09-17,1420.149,438.075,76.106,514.181
2015-09-18,1359.1019999999999,180.14600000000002,111.529,291.675
2015-09-19,1139.369,85.47800000000001,105.754,191.23200000000003
2015-09-20,1054.267,166.828,90.976,257.804
2015-09-21,1231.358,96.521,133.641,230.16199999999998
2015-09-22,1310.739,171.151,66.471,237.622
2015-09-23,1372.924,79.286,64.206,143.49200000000002
2015-09-24,1391.3990000000001,195.38,99.774,295.154
2015-09-25,1360.881,77.125,104.588,181.713
2015-09-26,1152.153,68.06400000000001,94.86,162.924
2015-09-27,1045.72,91.515,130.185,221.7
2015-09-28,1363.022,90.681,130.786,221.46699999999998
2015-09-29,1396.853,170.284,142.0,312.284
2015-09-30,1390.989,142.647,159.77,302.41700000000003
2015-10-01,1383.383,102.324,169.808,272.132
2015-10-02,1326.412,81.227,160.64000000000001,241.86700000000002
2015-10-03,1061.344,58.124,134.111,192.23499999999999
2015-10-04,1049.961,54.973,72.106,127.079
2015-10-05,1355.686,140.705,101.552,242.257
2015-10-06,1420.952,289.12,56.156,345.276
2015-10-07,1410.853,196.133,37.457,233.59
2015-10-08,1399.914,50.858000000000004,44.709,95.56700000000001
2015-10-09,1369.895,50.763,60.436,111.199
2015-10-10,1158.555,198.304,72.661,270.96500000000003
2015-10-11,1076.189,324.804,111.138,435.942
2015-10-12,1386.26,215.955,119.868,335.823
2015-10-13,1435.271,127.048,44.311,171.359
2015-10-14,1455.382,132.671,22.927,155.59799999999998
2015-10-15,1456.352,175.001,13.683,188.684
2015-10-16,1419.271,85.512,16.655,102.167
2015-10-17,1194.713,25.186,30.162,55.348
2015-10-18,1101.738,31.858,29.223000000000003,61.081
2015-10-19,1407.386,20.771,37.18,57.951
2015-10-20,1429.576,28.622,35.198,63.82
2015-10-21,1428.831,129.953,42.148,172.101
2015-10-22,1440.44,262.629,36.772,299.401
2015-10-23,1377.654,169.687,62.1,231.787
2015-10-24,1185.224,141.873,65.286,207.159
2015-10-25,1099.235,107.52799999999999,40.375,147.903
2015-10-26,1388.164,142.088,77.658,219.74599999999998
2015-10-27,1430.122,162.711,64.45,227.161
2015-10-28,1438.458,162.388,50.587,212.97500000000002
2015-10-29,1426.545,30.972,30.311,61.283
2015-10-30,1398.244,91.134,34.647,125.781
2015-10-31,1175.026,188.007,72.032,260.039
2015-11-01,1084.508,77.941,87.09400000000001,165.03500000000003
2015-11-02,1405.551,36.536,80.93900000000001,117.47500000000001
2015-11-03,1449.584,27.697,79.489,107.186
2015-11-04,1446.733,88.252,60.406,148.658
2015-11-05,1432.384,104.915,67.524,172.43900000000002
2015-11-06,1421.634,218.238,40.382,258.62
2015-11-07,1222.751,350.375,28.781,379.156
2015-11-08,1112.754,317.087,68.161,385.248
2015-11-09,1455.564,578.692,33.545,612.237
2015-11-10,1494.1299999999999,586.766,33.652,620.418
2015-11-11,1480.1109999999999,385.01,44.772,429.782
2015-11-12,1481.53,283.661,47.088,330.749
2015-11-13,1472.224,468.866,36.628,505.49399999999997
2015-11-14,1266.728,575.836,41.391,617.227
2015-11-15,1176.237,530.791,21.279,552.07
2015-11-16,1466.651,433.899,45.787,479.686
2015-11-17,1512.666,493.617,15.27,508.887
2015-11-18,1517.537,689.128,42.716,731.844
2015-11-19,1543.927,654.285,30.484,684.769
2015-11-20,1482.155,306.15,12.02,318.16999999999996
2015-11-21,1264.84,195.647,28.131,223.778
2015-11-22,1188.429,295.045,22.312,317.357
2015-11-23,1497.592,155.923,26.796,182.719
2015-11-24,1567.665,408.15,37.326,445.476
2015-11-25,1552.148,175.266,11.466000000000001,186.732
2015-11-26,1527.195,97.361,23.362000000000002,120.72300000000001
2015-11-27,1504.421,248.98600000000002,32.101,281.087
2015-11-28,1317.162,494.203,17.985,512.188
2015-11-29,1236.905,696.636,7.6690000000000005,704.305
2015-11-30,1532.064,597.158,11.927,609.085
2015-12-01,1537.236,403.438,14.225999999999999,417.664
2015-12-02,1523.202,344.277,11.215,355.49199999999996
2015-12-03,1502.84,280.164,32.06,312.224
2015-12-04,1512.051,509.938,18.36,528.298
2015-12-05,1294.814,584.731,37.128,621.859
2015-12-06,1195.715,589.628,39.066,628.6940000000001
2015-12-07,1471.699,115.881,37.846000000000004,153.727
2015-12-08,1513.542,216.437,42.706,259.14300000000003
2015-12-09,1520.584,279.993,21.604,301.597
2015-12-10,1547.135,383.736,38.635,422.371
2015-12-11,1536.423,519.493,21.61,541.1030000000001
2015-12-12,1283.543,422.248,25.05,447.298
2015-12-13,1191.506,288.092,23.286,311.378
2015-12-14,1479.403,110.00999999999999,27.409,137.41899999999998
2015-12-15,1493.844,81.881,18.889,100.77
2015-12-16,1498.972,253.003,11.902,264.905
2015-12-17,1457.243,348.14,14.894,363.034
2015-12-18,1416.7549999999999,328.023,13.019,341.04200000000003
2015-12-19,1212.958,315.383,28.491,343.87399999999997
2015-12-20,1122.305,370.889,31.769,402.658
2015-12-21,1359.277,583.385,13.837,597.222
2015-12-22,1340.75,638.509,26.539,665.048
2015-12-23,1275.403,552.048,28.189,580.237
2015-12-24,1083.063,450.48,36.869,487.34900000000005
2015-12-25,998.086,420.503,32.056,452.55899999999997
2015-12-26,1015.189,608.378,43.836,652.214
2015-12-27,1034.797,440.395,38.624,479.019
2015-12-28,1171.09,206.189,41.697,247.886
2015-12-29,1183.83,304.922,32.623,337.545
2015-12-30,1193.873,316.681,27.269000000000002,343.95
2015-12-31,1122.732,306.45,20.226,326.676
2016-01-01,1007.109,107.209,18.562,125.771
2016-01-02,1147.894,409.619,9.403,419.02200000000005
2016-01-03,1130.6299999999999,406.297,13.519,419.81600000000003
2016-01-04,1385.93,278.461,10.08,288.541
2016-01-05,1430.113,206.46800000000002,12.549999999999999,219.01800000000003
2016-01-06,1375.729,156.039,12.591000000000001,168.63
2016-01-07,1480.613,313.599,14.636000000000001,328.235
2016-01-08,1469.353,460.876,40.972,501.84799999999996
2016-01-09,1236.501,205.629,23.89,229.519
2016-01-10,1133.105,344.476,18.898,363.374
2016-01-11,1493.796,199.878,10.177999999999999,210.05599999999998
2016-01-12,1517.06,309.155,15.134,324.289
2016-01-13,1525.126,340.798,12.163,352.961
2016-01-14,1518.124,236.931,44.55,281.481
2016-01-15,1515.731,150.571,8.69,159.261
2016-01-16,1287.072,141.731,8.773,150.504
2016-01-17,1208.628,103.349,8.731,112.08
2016-01-18,1537.446,89.968,19.422,109.39
2016-01-19,1579.1,169.573,20.782,190.35500000000002
2016-01-20,1566.545,114.68900000000001,14.24,128.929
2016-01-21,1559.1209999999999,47.229,19.336,66.565
2016-01-22,1548.333,206.77700000000002,35.198,241.97500000000002
2016-01-23,1314.263,279.838,10.633,290.471
2016-01-24,1188.137,256.695,17.407,274.102
2016-01-25,1472.198,306.528,33.783,340.31100000000004
2016-01-26,1504.521,484.665,41.685,526.35
2016-01-27,1520.138,659.5600000000001,24.515,684.075
2016-01-28,1500.608,463.767,36.616,500.383
2016-01-29,1480.935,650.342,49.518,699.86
2016-01-30,1290.344,673.808,27.9,701.708
2016-01-31,1174.351,490.028,19.956,509.98400000000004
2016-02-01,1496.836,567.819,14.782,582.601
2016-02-02,1526.011,695.822,25.385,721.207
2016-02-03,1532.578,534.97,30.858,565.828
2016-02-04,1522.147,364.409,15.193999999999999,379.603
2016-02-05,1478.364,270.00600000000003,22.661,292.66700000000003
2016-02-06,1253.386,412.125,60.224000000000004,472.349
2016-02-07,1158.086,515.965,38.073,554.038
2016-02-08,1464.911,751.653,32.279,783.932
2016-02-09,1504.697,614.369,22.971,637.34
2016-02-10,1524.29,402.85699999999997,28.391,431.248
2016-02-11,1501.407,321.22,44.044,365.264
2016-02-12,1467.094,84.49,66.407,150.897
2016-02-13,1265.842,169.922,49.371,219.293
2016-02-14,1179.309,280.405,26.907,307.31199999999995
2016-02-15,1499.427,213.621,23.473000000000003,237.09400000000002
2016-02-16,1520.268,77.662,47.476,125.138
2016-02-17,1535.191,197.771,44.221,241.992
2016-02-18,1502.375,81.682,63.591,145.273
2016-02-19,1500.856,124.388,35.427,159.815
2016-02-20,1323.472,607.082,17.517,624.599
2016-02-21,1192.219,641.776,22.521,664.2969999999999
2016-02-22,1495.9180000000001,538.504,49.993,588.4970000000001
2016-02-23,1508.384,293.987,37.724,331.711
2016-02-24,1498.979,251.745,74.176,325.921
2016-02-25,1500.384,165.288,60.549,225.83700000000002
2016-02-26,1454.922,88.152,77.858,166.01
2016-02-27,1236.366,114.993,110.024,225.017
2016-02-28,1155.177,187.644,71.20400000000001,258.848
2016-02-29,1461.932,245.917,42.625,288.54200000000003
2016-03-01,1520.377,247.365,47.753,295.118
2016-03-02,1507.045,359.87399999999997,33.768,393.64199999999994
2016-03-03,1493.771,105.488,52.007,157.495
2016-03-04,1474.4279999999999,282.38,74.04,356.42
2016-03-05,1245.388,83.978,41.605,125.583
2016-03-06,1158.441,121.345,49.202,170.547
2016-03-07,1453.246,58.415,72.46,130.875
2016-03-08,1490.243,73.723,76.197,149.92000000000002
2016-03-09,1495.356,242.103,119.005,361.108
2016-03-10,1475.781,126.087,96.564,222.651
2016-03-11,1462.238,93.158,67.947,161.10500000000002
2016-03-12,1286.032,88.703,62.818999999999996,151.522
2016-03-13,1200.108,136.042,60.254,196.296
2016-03-14,1442.93,92.252,133.963,226.21499999999997
2016-03-15,1484.284,164.016,35.237,199.253
2016-03-16,1483.721,259.23,108.365,367.595
2016-03-17,1447.59,82.662,157.923,240.585
2016-03-18,1443.66,134.0,111.763,245.763
2016-03-19,1233.665,128.629,74.605,203.23399999999998
2016-03-20,1144.542,280.149,63.358000000000004,343.507
2016-03-21,1440.589,317.212,62.178,379.39
2016-03-22,1457.465,175.306,69.934,245.24
2016-03-23,1452.4379999999999,139.668,62.736,202.404
2016-03-24,1419.196,78.906,72.096,151.002
2016-03-25,1142.927,179.416,34.324,213.74
2016-03-26,1125.189,246.254,126.358,372.61199999999997
2016-03-27,1037.183,391.793,88.524,480.317
2016-03-28,1082.127,496.779,93.273,590.052
2016-03-29,1391.7930000000001,412.697,106.981,519.678
2016-03-30,1425.702,296.963,70.167,367.13
2016-03-31,1413.706,115.268,89.113,204.381
2016-04-01,1394.424,96.55,105.308,201.858
2016-04-02,1166.268,175.06199999999998,141.475,316.537
2016-04-03,1067.577,103.751,124.608,228.359
2016-04-04,1360.803,138.272,114.059,252.331
2016-04-05,1400.764,144.458,96.94500000000001,241.40300000000002
2016-04-06,1428.782,414.338,111.125,525.463
2016-04-07,1419.358,345.794,95.056,440.84999999999997
2016-04-08,1383.821,88.27,112.626,200.89600000000002
2016-04-09,1154.79,76.874,114.944,191.81799999999998
2016-04-10,1063.488,155.994,128.074,284.068
2016-04-11,1371.373,228.266,159.552,387.818
2016-04-12,1386.952,96.342,125.52,221.862
2016-04-13,1402.749,48.092,104.907,152.999
2016-04-14,1399.721,57.072,124.877,181.949
2016-04-15,1357.326,216.38,77.282,293.662
2016-04-16,1041.038,321.742,94.122,415.86400000000003
2016-04-17,970.114,190.564,87.31700000000001,277.881
2016-04-18,1352.36,254.757,119.691,374.448
2016-04-19,1401.465,396.057,127.56,523.617
2016-04-20,1381.368,181.50900000000001,191.031,372.54
2016-04-21,1369.587,101.956,208.665,310.621
2016-04-22,1346.618,149.516,171.324,320.84000000000003
2016-04-23,1138.14,197.282,89.697,286.97900000000004
2016-04-24,978.827,174.225,136.642,310.86699999999996
2016-04-25,1385.121,258.304,119.733,378.037
2016-04-26,1429.262,270.619,96.569,367.18800000000005
2016-04-27,1456.925,390.802,106.074,496.87600000000003
2016-04-28,1417.222,184.046,146.864,330.90999999999997
2016-04-29,1378.8220000000001,304.67900000000003,161.031,465.71000000000004
2016-04-30,1141.197,150.234,156.374,306.608
2016-05-01,1011.948,179.87199999999999,147.93,327.802
2016-05-02,1327.725,81.889,197.182,279.07099999999997
2016-05-03,1388.608,212.393,139.147,351.53999999999996
2016-05-04,1359.038,84.959,174.185,259.144
2016-05-05,1066.482,150.624,212.709,363.33299999999997
2016-05-06,1209.376,255.574,217.568,473.14200000000005
2016-05-07,1112.299,315.356,215.961,531.317
2016-05-08,1041.659,393.12,217.819,610.939
2016-05-09,1361.526,360.987,207.426,568.413
2016-05-10,1379.001,258.666,157.712,416.378
2016-05-11,1386.223,304.436,180.637,485.073
2016-05-12,1409.326,319.676,129.85999999999999,449.53599999999994
2016-05-13,1354.622,216.94,135.923,352.863
2016-05-14,1142.873,387.182,132.007,519.1890000000001
2016-05-15,1010.014,391.686,130.936,522.622
2016-05-16,1027.887,264.28,115.657,379.93699999999995
2016-05-17,1307.285,193.376,113.155,306.531
2016-05-18,1372.617,88.947,151.709,240.656
2016-05-19,1380.964,60.077,119.795,179.872
2016-05-20,1364.455,179.199,144.399,323.598
2016-05-21,1142.341,133.512,186.838,320.35
2016-05-22,1059.116,217.764,185.446,403.21000000000004
2016-05-23,1357.509,179.101,83.885,262.986
2016-05-24,1394.295,179.907,57.672,237.579
2016-05-25,1362.715,27.066,100.66,127.726
2016-05-26,1161.513,21.703,169.095,190.798
2016-05-27,1260.914,37.272999999999996,143.398,180.671
2016-05-28,1123.51,85.468,160.592,246.06
2016-05-29,1053.608,163.106,124.928,288.034
2016-05-30,1370.155,246.02,121.134,367.154
2016-05-31,1385.4950000000001,,,
2016-06-01,1391.545,,,
2016-06-02,1383.361,108.36,119.31,227.67000000000002
2016-06-03,1348.641,102.067,135.724,237.791
2016-06-04,1131.747,54.248,163.81900000000002,218.067
2016-06-05,1047.116,51.028,169.853,220.881
2016-06-06,1349.651,69.56,217.346,286.906
2016-06-07,1375.077,48.54,214.922,263.462
2016-06-08,1375.031,162.731,160.812,323.543
2016-06-09,1366.69,100.708,155.674,256.382
2016-06-10,1337.506,141.587,221.338,362.92499999999995
2016-06-11,1117.356,43.853,135.321,179.174
2016-06-12,1049.379,84.987,120.639,205.62599999999998
2016-06-13,1348.189,105.648,116.43299999999999,222.081
2016-06-14,1369.862,66.55799999999999,135.292,201.85
2016-06-15,1370.762,52.426,142.055,194.481
2016-06-16,1376.7,31.063,136.232,167.295
2016-06-17,1358.0529999999999,161.16899999999998,117.88,279.049
2016-06-18,1135.855,141.461,166.88500000000002,308.346
2016-06-19,1042.554,87.348,138.536,225.88400000000001
2016-06-20,1341.12,225.611,185.49,411.101
2016-06-21,1348.516,95.575,131.174,226.74900000000002
2016-06-22,1370.146,54.654,185.633,240.287
2016-06-23,1391.152,149.945,229.71,379.655
2016-06-24,1380.853,100.456,198.066,298.522
2016-06-25,1158.88,131.552,134.966,266.51800000000003
2016-06-26,1046.801,167.574,160.405,327.97900000000004
2016-06-27,1361.7649999999999,173.22899999999998,168.831,342.05999999999995
2016-06-28,1373.336,73.412,177.453,250.865
2016-06-29,1395.05,233.865,181.575,415.44
2016-06-30,1387.01,151.653,123.377,275.03
2016-07-01,1359.411,252.987,167.248,420.235
2016-07-02,1144.019,267.163,105.328,372.491
2016-07-03,1035.87,184.798,161.292,346.09000000000003
2016-07-04,1338.469,55.848,183.603,239.45100000000002
2016-07-05,1397.203,337.07,166.121,503.19100000000003
2016-07-06,1396.9180000000001,430.53,182.117,612.6469999999999
2016-07-07,1364.531,112.989,217.734,330.723
2016-07-08,1363.734,230.048,170.852,400.9
2016-07-09,1145.773,202.267,180.402,382.669
2016-07-10,1065.312,189.082,213.022,402.104
2016-07-11,1374.968,330.196,167.828,498.024
2016-07-12,1379.683,149.815,118.016,267.831
2016-07-13,1356.894,66.368,123.384,189.752
2016-07-14,1369.208,304.15,117.362,421.51199999999994
2016-07-15,1336.778,287.954,128.87800000000001,416.832
2016-07-16,1118.669,126.307,157.542,283.849
2016-07-17,1043.738,105.562,140.821,246.38299999999998
2016-07-18,1339.689,103.145,185.38,288.525
2016-07-19,1372.992,43.442,208.662,252.104
2016-07-20,1397.4279999999999,139.19299999999998,222.211,361.404
2016-07-21,1384.145,82.852,139.662,222.514
2016-07-22,1348.508,68.985,172.879,241.86399999999998
2016-07-23,1130.093,39.232,138.542,177.774
2016-07-24,1036.437,17.14,164.7,181.83999999999997
2016-07-25,1348.016,45.903,159.505,205.408
2016-07-26,1364.1100000000001,39.102,151.567,190.669
2016-07-27,1357.004,86.511,145.017,231.528
2016-07-28,1346.147,48.282000000000004,143.426,191.708
2016-07-29,1312.636,125.461,149.904,275.365
2016-07-30,1113.314,108.954,163.955,272.909
2016-07-31,1019.747,70.327,96.642,166.969
2016-08-01,1287.036,136.158,171.734,307.892
2016-08-02,1330.694,91.283,82.123,173.406
2016-08-03,1351.674,275.575,101.857,377.432
2016-08-04,1347.458,237.707,136.501,374.20799999999997
2016-08-05,1294.489,136.094,104.522,240.61599999999999
2016-08-06,1088.058,162.143,141.835,303.978
2016-08-07,1008.675,219.447,197.99699999999999,417.44399999999996
2016-08-08,1317.375,350.03,172.574,522.604
2016-08-09,1317.376,191.312,110.428,301.74
2016-08-10,1313.153,178.853,127.444,306.297
2016-08-11,1308.817,193.681,145.305,338.986
2016-08-12,1301.797,190.516,63.615,254.131
2016-08-13,1112.177,263.616,175.707,439.323
2016-08-14,1010.172,98.416,166.927,265.34299999999996
2016-08-15,1255.786,65.071,173.784,238.855
2016-08-16,1315.436,63.306,183.883,247.18900000000002
2016-08-17,1320.84,45.537,188.173,233.71
2016-08-18,1332.146,47.808,161.677,209.48499999999999
2016-08-19,1308.264,50.566,165.88,216.446
2016-08-20,1128.784,147.60399999999998,110.687,258.291
2016-08-21,1031.081,246.754,125.985,372.739
2016-08-22,1341.173,179.292,125.144,304.43600000000004
2016-08-23,1358.414,59.468,172.381,231.849
2016-08-24,1366.771,120.383,195.918,316.301
2016-08-25,1371.867,181.099,198.825,379.924
2016-08-26,1358.056,126.577,191.76000000000002,318.337
2016-08-27,1157.252,91.28999999999999,185.592,276.882
2016-08-28,1067.726,215.481,162.508,377.98900000000003
2016-08-29,1379.59,228.764,109.679,338.443
2016-08-30,1363.932,86.689,178.615,265.304
2016-08-31,1357.351,62.174,188.216,250.39000000000001
2016-09-01,1356.865,77.943,147.093,225.036
2016-09-02,1328.559,104.551,164.305,268.856
2016-09-03,1107.704,109.433,136.417,245.85000000000002
2016-09-04,1056.435,272.308,77.086,349.394
2016-09-05,1344.878,137.131,92.803,229.934
2016-09-06,1354.647,51.472,159.639,211.11100000000002
2016-09-07,1362.577,78.331,178.171,256.502
2016-09-08,1377.141,114.335,177.842,292.177
2016-09-09,1340.792,62.262,154.788,217.05
2016-09-10,1112.96,59.825,162.473,222.298
2016-09-11,1031.189,71.582,146.757,218.339
2016-09-12,1350.978,90.562,164.413,254.97500000000002
2016-09-13,1381.266,161.694,163.844,325.538
2016-09-14,1388.222,225.463,161.392,386.855
2016-09-15,1383.177,263.848,153.04,416.88800000000003
2016-09-16,1333.779,87.377,99.22,186.59699999999998
2016-09-17,1090.295,182.258,49.467,231.72500000000002
2016-09-18,934.864,186.178,64.651,250.829
2016-09-19,1317.088,55.548,60.987,116.535
2016-09-20,1351.018,24.159,79.435,103.594
2016-09-21,1342.338,38.322,130.512,168.834
2016-09-22,1337.93,31.336,147.499,178.83499999999998
2016-09-23,1326.766,74.255,123.52799999999999,197.783
2016-09-24,1109.709,91.766,147.245,239.01100000000002
2016-09-25,1030.482,176.278,153.54,329.818
2016-09-26,1345.108,49.548,110.893,160.441
2016-09-27,1374.265,90.962,123.618,214.57999999999998
2016-09-28,1403.4,463.104,101.625,564.729
2016-09-29,1417.921,514.321,127.18900000000001,641.51
2016-09-30,1369.5439999999999,223.676,87.732,311.408
2016-10-01,1137.474,111.096,65.261,176.357
2016-10-02,1038.641,183.433,69.868,253.301
2016-10-03,1061.937,193.559,66.692,260.251
2016-10-04,1384.811,363.234,77.489,440.72299999999996
2016-10-05,1424.379,375.079,108.60900000000001,483.688
2016-10-06,1459.278,336.549,28.994,365.543
2016-10-07,1416.383,147.231,43.969,191.2
2016-10-08,1190.267,136.593,56.457,193.04999999999998
2016-10-09,1108.721,64.015,68.377,132.392
2016-10-10,1405.599,35.631,64.502,100.133
2016-10-11,1449.504,178.196,48.411,226.607
2016-10-12,1455.32,197.457,47.961,245.418
2016-10-13,1465.331,331.639,53.253,384.892
2016-10-14,1426.69,418.999,69.782,488.781
2016-10-15,1196.855,210.358,55.678,266.036
2016-10-16,1091.391,125.34,97.233,222.573
2016-10-17,1415.8890000000001,132.593,46.778999999999996,179.37199999999999
2016-10-18,1452.254,164.50300000000001,42.428,206.931
2016-10-19,1464.872,205.812,38.17,243.98200000000003
2016-10-20,1470.4099999999999,144.784,38.409,183.19299999999998
2016-10-21,1436.647,123.03,28.98,152.01
2016-10-22,1206.674,74.618,42.323,116.941
2016-10-23,1118.066,72.857,60.489,133.346
2016-10-24,1448.666,111.547,34.941,146.488
2016-10-25,1459.457,42.556,24.538,67.094
2016-10-26,1448.41,78.299,35.895,114.19400000000002
2016-10-27,1457.074,,,
2016-10-28,1437.214,,,
2016-10-29,1196.845,273.617,49.99,323.607
2016-10-30,1091.835,95.371,65.403,160.774
2016-10-31,1278.8509999999999,57.181,62.067,119.24799999999999
2016-11-01,1245.591,246.643,53.6,300.243
2016-11-02,1489.331,425.598,39.838,465.43600000000004
2016-11-03,1511.443,,53.305,
2016-11-04,1465.263,256.886,46.151,303.03700000000003
2016-11-05,1257.576,182.205,18.559,200.764
2016-11-06,1164.955,201.673,23.131,224.804
2016-11-07,1478.947,163.147,22.875,186.022
2016-11-08,1519.622,114.184,27.261,141.445
2016-11-09,1529.489,128.012,37.869,165.881
2016-11-10,1527.088,131.253,19.28,150.533
2016-11-11,1515.406,110.922,21.116999999999997,132.039
2016-11-12,1295.484,118.335,33.755,152.09
2016-11-13,1202.391,160.914,45.871,206.785
2016-11-14,1514.106,268.229,67.959,336.188
2016-11-15,1553.9850000000001,383.513,15.413,398.926
2016-11-16,1532.604,389.679,11.124,400.803
2016-11-17,1532.228,530.962,22.817999999999998,553.78
2016-11-18,1511.888,630.465,26.504,656.969
2016-11-19,1283.554,404.576,15.963,420.53900000000004
2016-11-20,1197.36,653.991,46.875,700.866
2016-11-21,1499.363,392.469,32.607,425.076
2016-11-22,1503.887,243.158,26.528,269.686
2016-11-23,1499.122,87.6,36.895,124.495
2016-11-24,1519.741,237.978,29.136000000000003,267.11400000000003
2016-11-25,1498.657,135.452,28.022,163.474
2016-11-26,1279.187,152.533,12.378,164.911
2016-11-27,1177.755,280.80400000000003,28.535,309.33900000000006
2016-11-28,1517.573,202.373,62.663,265.036
2016-11-29,1562.567,225.939,70.379,296.318
2016-11-30,1578.875,492.352,42.876,535.228
2016-12-01,1575.741,673.196,16.61,689.806
2016-12-02,1519.104,305.233,33.94,339.173
2016-12-03,1298.329,71.494,56.022,127.51599999999999
2016-12-04,1229.078,94.52,48.037,142.557
2016-12-05,1543.082,83.789,40.088,123.87700000000001
2016-12-06,1592.345,81.143,30.851,111.994
2016-12-07,1605.018,326.673,22.855,349.528
2016-12-08,1563.594,,,
2016-12-09,1513.718,,,
2016-12-10,1278.945,387.113,40.237,427.35
2016-12-11,1215.067,541.688,11.373000000000001,553.061
2016-12-12,1517.544,162.474,15.058,177.53199999999998
2016-12-13,1544.647,105.679,21.872,127.551
2016-12-14,1532.57,61.786,16.45,78.236
2016-12-15,1543.426,190.445,15.772,206.21699999999998
2016-12-16,1507.43,129.072,28.826,157.898
2016-12-17,1300.38,95.792,18.208,114.0
2016-12-18,1202.469,123.34,8.437,131.77700000000002
2016-12-19,1485.074,73.536,18.0,91.536
2016-12-20,1512.378,165.174,26.453,191.627
2016-12-21,1505.515,309.569,22.974,332.543
2016-12-22,1455.109,257.195,20.109,277.304
2016-12-23,1342.874,395.296,16.111,411.407
2016-12-24,1147.263,681.505,12.845,694.35
2016-12-25,1065.009,719.773,6.607,726.38
2016-12-26,1079.647,718.162,15.463000000000001,733.625
2016-12-27,1252.144,640.898,23.448,664.346
2016-12-28,1229.015,214.987,19.448,234.435
2016-12-29,1226.533,167.699,42.91,210.609
2016-12-30,1226.262,239.253,48.546,287.799
2016-12-31,1146.908,315.059,34.58,349.639
2017-01-01,1018.825,307.123,35.291000000000004,342.414
2017-01-02,1350.428,295.097,12.479,307.57599999999996
2017-01-03,1500.473,666.17,9.350999999999999,675.521
2017-01-04,1527.935,686.581,12.814,699.395
2017-01-05,1501.289,261.759,20.797,282.55600000000004
2017-01-06,1436.429,115.72,33.342999999999996,149.063
2017-01-07,1350.109,252.308,8.386,260.694
2017-01-08,1229.021,41.26,4.989,46.248999999999995
2017-01-09,1533.908,190.982,7.071,198.053
2017-01-10,1578.774,280.371,13.043999999999999,293.41499999999996
2017-01-11,1604.779,637.258,7.38,644.638
2017-01-12,1571.905,584.792,17.865,602.657
2017-01-13,1572.134,518.614,14.311,532.9250000000001
2017-01-14,1345.572,487.188,16.765,503.953
2017-01-15,1248.183,229.77,16.104,245.87400000000002
2017-01-16,1556.366,69.211,17.601,86.812
2017-01-17,1597.179,79.36,22.907,102.267
2017-01-18,1602.358,148.835,22.709,171.544
2017-01-19,1601.555,127.989,38.191,166.18
2017-01-20,1567.288,109.379,39.632,149.011
2017-01-21,1353.496,78.896,45.478,124.374
2017-01-22,1261.083,50.77,47.386,98.156
2017-01-23,1590.6779999999999,39.708,30.938,70.646
2017-01-24,1613.578,31.375,10.299000000000001,41.674
2017-01-25,1608.609,70.771,17.721,88.492
2017-01-26,1598.285,235.128,56.486,291.614
2017-01-27,1577.952,254.272,68.626,322.898
2017-01-28,1353.18,208.8,65.966,274.766
2017-01-29,1253.553,304.954,53.852,358.806
2017-01-30,1561.175,338.288,18.575,356.863
2017-01-31,1559.756,124.782,12.063,136.845
2017-02-01,1567.335,221.295,23.816,245.111
2017-02-02,1556.984,254.393,42.217,296.61
2017-02-03,1514.142,188.035,24.22,212.255
2017-02-04,1302.754,211.454,49.255,260.709
2017-02-05,1193.9,118.329,46.216,164.545
2017-02-06,1513.201,152.118,28.574,180.692
2017-02-07,1567.2350000000001,264.514,29.271,293.785
2017-02-08,1573.659,219.68,30.995,250.675
2017-02-09,1582.541,207.537,45.277,252.81400000000002
2017-02-10,1567.904,290.957,33.900999999999996,324.858
2017-02-11,1337.821,329.649,56.391,386.04
2017-02-12,1239.349,350.274,37.667,387.94100000000003
2017-02-13,1561.068,338.184,89.581,427.76500000000004
2017-02-14,1557.559,205.086,110.285,315.371
2017-02-15,1537.204,98.877,113.904,212.781
2017-02-16,1534.418,282.403,92.427,374.83000000000004
2017-02-17,1517.58,255.286,31.446,286.732
2017-02-18,1285.881,160.162,34.514,194.67600000000002
2017-02-19,1198.167,348.513,58.421,406.93399999999997
2017-02-20,1532.0430000000001,648.8,31.768,680.568
2017-02-21,1539.379,580.921,35.746,616.667
2017-02-22,1564.902,826.273,25.272,851.5450000000001
2017-02-23,1541.22,705.405,50.721,756.126
2017-02-24,1494.742,522.107,70.545,592.6519999999999
2017-02-25,1273.594,413.77,97.58,511.34999999999997
2017-02-26,1162.18,545.142,59.448,604.59
2017-02-27,1433.645,558.406,86.393,644.799
2017-02-28,1509.014,602.221,49.109,651.33
2017-03-01,1517.095,463.548,55.171,518.719
2017-03-02,1538.473,640.789,79.16,719.949
2017-03-03,1460.652,323.881,94.66499999999999,418.54599999999994
2017-03-04,1224.314,253.25,99.948,353.198
2017-03-05,1162.243,375.784,75.048,450.832
2017-03-06,1470.602,244.778,52.158,296.936
2017-03-07,1510.267,98.965,41.359,140.324
2017-03-08,1531.212,362.634,53.958999999999996,416.593
2017-03-09,1510.354,348.589,48.425,397.014
2017-03-10,1458.937,301.93,103.546,405.476
2017-03-11,1235.837,142.767,119.267,262.034
2017-03-12,1138.665,322.131,145.739,467.87
2017-03-13,1429.958,107.995,135.052,243.047
2017-03-14,1458.384,282.163,109.52,391.683
2017-03-15,1458.243,310.125,113.661,423.786
2017-03-16,1435.503,235.857,153.452,389.30899999999997
2017-03-17,1435.625,520.783,93.96300000000001,614.746
2017-03-18,1271.874,666.66,39.691,706.351
2017-03-19,1187.275,527.129,36.26,563.389
2017-03-20,1455.527,540.382,61.799,602.1809999999999
2017-03-21,1469.058,405.314,70.29599999999999,475.61
2017-03-22,1481.27,168.379,87.604,255.983
2017-03-23,1463.353,211.125,95.997,307.122
2017-03-24,1439.327,152.372,120.42699999999999,272.799
2017-03-25,1198.869,203.031,168.35999999999999,371.39099999999996
2017-03-26,1087.827,79.142,171.808,250.95
2017-03-27,1405.3319999999999,71.217,191.731,262.948
2017-03-28,1415.412,111.18900000000001,185.231,296.42
2017-03-29,1436.617,347.694,115.054,462.74800000000005
2017-03-30,1414.028,213.209,142.404,355.613
2017-03-31,1383.534,260.81,169.847,430.65700000000004
2017-04-01,1150.862,82.509,144.803,227.312
2017-04-02,1055.786,110.511,134.677,245.188
2017-04-03,1371.383,58.205,119.69,177.89499999999998
2017-04-04,1384.891,40.668,121.475,162.143
2017-04-05,1425.955,333.526,117.911,451.437
2017-04-06,1431.651,398.402,126.86,525.262
2017-04-07,1407.655,404.729,97.877,502.606
2017-04-08,1167.649,65.959,127.615,193.574
2017-04-09,1071.629,96.043,198.081,294.124
2017-04-10,1396.597,501.671,155.883,657.554
2017-04-11,1409.737,363.858,135.411,499.269
2017-04-12,1425.984,561.134,114.226,675.36
2017-04-13,1386.095,470.226,100.218,570.444
2017-04-14,1088.127,261.473,113.62400000000001,375.09700000000004
2017-04-15,1127.708,537.553,85.446,622.999
2017-04-16,1017.287,292.343,101.418,393.761
2017-04-17,1044.821,211.534,92.949,304.483
2017-04-18,1397.443,288.261,102.212,390.473
2017-04-19,1429.984,164.624,123.41799999999999,288.042
2017-04-20,1427.305,122.121,177.032,299.153
2017-04-21,1418.251,447.725,148.601,596.326
2017-04-22,1218.701,545.894,95.932,641.826
2017-04-23,1117.584,393.912,130.114,524.026
2017-04-24,1420.26,325.096,192.261,517.357
2017-04-25,1442.219,241.64600000000002,99.272,340.918
2017-04-26,1446.509,54.224,104.557,158.781
2017-04-27,1441.694,119.393,111.66199999999999,231.055
2017-04-28,1410.4569999999999,92.231,105.568,197.79899999999998
2017-04-29,1150.785,109.135,146.416,255.551
2017-04-30,1065.295,435.488,231.642,667.13
2017-05-01,1079.223,440.711,119.737,560.448
2017-05-02,1418.613,403.337,91.06700000000001,494.404
2017-05-03,1438.889,312.197,126.098,438.295
2017-05-04,1456.741,367.414,84.354,451.768
2017-05-05,1396.988,147.426,83.798,231.224
2017-05-06,1165.934,104.874,163.63,268.504
2017-05-07,1081.793,102.374,110.392,212.766
2017-05-08,1405.589,267.935,63.927,331.862
2017-05-09,1389.77,77.053,150.558,227.611
2017-05-10,1384.423,107.245,204.869,312.11400000000003
2017-05-11,1381.712,199.238,197.323,396.56100000000004
2017-05-12,1366.72,192.297,147.972,340.269
2017-05-13,1151.191,77.733,155.427,233.16
2017-05-14,1045.598,87.588,151.419,239.007
2017-05-15,1350.431,71.277,192.918,264.195
2017-05-16,1392.43,124.899,179.569,304.46799999999996
2017-05-17,1400.272,187.555,220.50900000000001,408.064
2017-05-18,1401.3700000000001,189.878,178.859,368.73699999999997
2017-05-19,1374.247,215.484,122.883,338.367
2017-05-20,1142.444,153.794,171.477,325.271
2017-05-21,1043.154,72.354,198.573,270.927
2017-05-22,1340.999,67.127,210.584,277.711
2017-05-23,1383.653,237.765,200.25799999999998,438.02299999999997
2017-05-24,1360.85,256.284,144.805,401.089
2017-05-25,1059.798,150.752,187.87,338.622
2017-05-26,1200.93,88.714,231.031,319.745
2017-05-27,1117.981,209.17000000000002,241.58,450.75
2017-05-28,1055.593,161.906,216.452,378.358
2017-05-29,1374.498,55.639,208.707,264.346
2017-05-30,1406.299,212.498,166.432,378.92999999999995
2017-05-31,1393.125,304.099,197.22,501.31899999999996
2017-06-01,1365.113,88.552,224.96,313.512
2017-06-02,1349.734,50.812,209.007,259.819
2017-06-03,1126.704,97.75,165.064,262.81399999999996
2017-06-04,989.803,231.529,121.29599999999999,352.825
2017-06-05,1004.609,121.557,162.743,284.3
2017-06-06,1352.421,452.614,126.134,578.7479999999999
2017-06-07,1406.286,669.215,165.24699999999999,834.462
2017-06-08,1365.605,282.754,191.85,474.60400000000004
2017-06-09,1358.815,236.119,164.358,400.477
2017-06-10,1132.742,89.475,214.438,303.913
2017-06-11,1060.234,196.269,221.955,418.22400000000005
2017-06-12,1390.376,508.76300000000003,171.739,680.5020000000001
2017-06-13,1393.261,306.512,177.166,483.678
2017-06-14,1348.205,67.956,230.812,298.76800000000003
2017-06-15,1195.067,149.845,211.229,361.074
2017-06-16,1295.076,481.136,165.29999999999998,646.436
2017-06-17,1132.735,252.583,158.34900000000002,410.932
2017-06-18,1053.319,45.996,219.198,265.194
2017-06-19,1377.06,31.185000000000002,237.841,269.026
2017-06-20,1417.585,148.476,218.022,366.498
2017-06-21,1405.493,53.052,218.321,271.373
2017-06-22,1435.395,272.14,188.272,460.412
2017-06-23,1407.411,427.695,169.412,597.107
2017-06-24,1182.016,378.219,171.521,549.74
2017-06-25,1081.022,346.376,121.686,468.062
2017-06-26,1375.198,216.416,191.585,408.001
2017-06-27,1388.971,97.72200000000001,151.239,248.961
2017-06-28,1396.01,254.199,142.157,396.356
2017-06-29,1387.714,193.696,105.579,299.275
2017-06-30,1376.699,379.305,150.379,529.684
2017-07-01,1153.863,326.424,109.991,436.41499999999996
2017-07-02,1062.426,312.885,106.358,419.243
2017-07-03,1348.909,274.606,196.601,471.207
2017-07-04,1386.58,172.133,193.728,365.861
2017-07-05,1399.175,33.865,201.44,235.305
2017-07-06,1407.865,51.187,217.342,268.529
2017-07-07,1399.072,123.188,173.787,296.975
2017-07-08,1177.79,132.11,181.669,313.779
2017-07-09,1071.248,49.087,180.651,229.738
2017-07-10,1390.785,85.881,127.005,212.886
2017-07-11,1403.963,172.82,152.591,325.411
2017-07-12,1412.103,353.671,90.657,444.328
2017-07-13,1379.102,183.808,200.408,384.216
2017-07-14,1359.254,85.725,149.476,235.201
2017-07-15,1134.509,81.751,154.733,236.484
2017-07-16,1051.424,160.913,152.47899999999998,313.392
2017-07-17,1354.498,98.54,177.552,276.092
2017-07-18,1388.127,79.39,216.314,295.704
2017-07-19,1404.482,234.005,212.241,446.246
2017-07-20,1384.454,163.69899999999998,133.954,297.653
2017-07-21,1349.497,110.595,204.263,314.858
2017-07-22,1145.716,166.011,161.241,327.252
2017-07-23,1038.828,207.803,141.338,349.14099999999996
2017-07-24,1324.384,85.818,95.696,181.514
2017-07-25,1363.391,289.621,72.044,361.66499999999996
2017-07-26,1364.97,248.694,83.033,331.727
2017-07-27,1367.746,176.047,104.743,280.78999999999996
2017-07-28,1316.864,287.307,160.096,447.403
2017-07-29,1121.22,293.624,168.388,462.01200000000006
2017-07-30,1047.0240000000001,327.095,183.22,510.31500000000005
2017-07-31,1325.03,125.194,183.303,308.497
2017-08-01,1358.474,100.078,159.89,259.96799999999996
2017-08-02,1357.249,103.491,165.588,269.079
2017-08-03,1378.18,402.36400000000003,120.163,522.527
2017-08-04,1342.411,455.38,145.631,601.011
2017-08-05,1106.29,232.88,148.608,381.488
2017-08-06,1001.579,168.418,164.462,332.88
2017-08-07,1295.794,123.846,216.117,339.96299999999997
2017-08-08,1345.789,247.468,143.742,391.21
2017-08-09,1353.451,208.82,169.034,377.854
2017-08-10,1342.278,100.274,71.16199999999999,171.43599999999998
2017-08-11,1314.437,108.575,42.198,150.773
2017-08-12,1098.984,305.906,80.904,386.81
2017-08-13,1004.75,101.263,141.157,242.42000000000002
2017-08-14,1278.883,136.418,201.027,337.445
2017-08-15,1304.056,182.062,172.204,354.266
2017-08-16,1341.609,68.591,150.679,219.26999999999998
2017-08-17,1359.296,207.75900000000001,143.194,350.953
2017-08-18,1339.117,190.79,125.637,316.427
2017-08-19,1113.077,362.034,140.369,502.403
2017-08-20,1020.453,314.055,156.86599999999999,470.921
2017-08-21,1314.594,211.871,158.354,370.225
2017-08-22,1324.627,87.145,173.374,260.519
2017-08-23,1335.867,83.43,199.191,282.621
2017-08-24,1356.549,188.631,146.34,334.971
2017-08-25,1327.548,84.579,171.901,256.48
2017-08-26,1118.104,51.278,152.022,203.29999999999998
2017-08-27,1030.709,130.054,147.845,277.899
2017-08-28,1328.879,45.221000000000004,178.632,223.853
2017-08-29,1365.218,98.155,193.583,291.738
2017-08-30,1384.031,190.434,152.123,342.557
2017-08-31,1365.793,208.496,70.794,279.29
2017-09-01,1312.308,34.230000000000004,83.407,117.637
2017-09-02,1093.768,37.368,106.187,143.555
2017-09-03,1013.479,26.176000000000002,140.19400000000002,166.37
2017-09-04,1322.038,81.042,168.123,249.165
2017-09-05,1360.804,107.605,135.541,243.14600000000002
2017-09-06,1391.491,409.909,92.002,501.911
2017-09-07,1360.011,328.329,100.495,428.824
2017-09-08,1376.109,516.672,82.394,599.066
2017-09-09,1144.488,276.055,63.259,339.314
2017-09-10,1047.2,307.77,113.33,421.09999999999997
2017-09-11,1378.961,576.26,102.463,678.723
2017-09-12,1402.523,460.805,103.032,563.837
2017-09-13,1442.624,761.748,76.819,838.567
2017-09-14,1426.607,633.356,64.48,697.836
2017-09-15,1368.674,316.345,120.941,437.28600000000006
2017-09-16,1142.682,68.909,99.447,168.356
2017-09-17,1052.044,25.429,119.92599999999999,145.355
2017-09-18,1365.893,55.374,106.991,162.365
2017-09-19,1386.649,86.278,93.991,180.269
2017-09-20,1391.542,137.562,85.205,222.767
2017-09-21,1380.969,45.207,123.775,168.982
2017-09-22,1359.728,16.482,113.893,130.375
2017-09-23,1153.4089999999999,28.876,117.184,146.06
2017-09-24,1073.153,53.473,88.861,142.334
2017-09-25,1381.886,104.589,91.455,196.04399999999998
2017-09-26,1395.297,139.097,102.236,241.33300000000003
2017-09-27,1406.4460000000001,144.546,108.038,252.584
2017-09-28,1410.818,132.504,84.595,217.099
2017-09-29,1387.092,177.38400000000001,99.957,277.341
2017-09-30,1173.015,198.304,91.066,289.37
2017-10-01,1053.138,218.24,87.195,305.435
2017-10-02,1284.096,574.756,55.171,629.927
2017-10-03,1138.421,459.133,79.475,538.608
2017-10-04,1402.456,642.7520000000001,74.265,717.017
2017-10-05,1437.937,742.247,70.28399999999999,812.531
2017-10-06,1426.335,580.86,68.364,649.224
2017-10-07,1203.297,646.636,52.328,698.9639999999999
2017-10-08,1105.577,302.85,61.003,363.853
2017-10-09,1417.536,164.782,68.711,233.493
2017-10-10,1455.061,331.486,36.634,368.12
2017-10-11,1456.51,521.617,63.036,584.653
2017-10-12,1455.257,616.932,78.488,695.4200000000001
2017-10-13,1415.711,297.711,91.526,389.237
2017-10-14,1188.619,293.48,110.632,404.112
2017-10-15,1075.317,224.279,123.718,347.997
2017-10-16,1399.555,251.438,118.553,369.991
2017-10-17,1448.552,260.015,106.555,366.57
2017-10-18,1439.595,64.254,98.49799999999999,162.752
2017-10-19,1438.428,160.673,95.181,255.85399999999998
2017-10-20,1441.093,351.582,62.918,414.5
2017-10-21,1210.105,285.41700000000003,44.624,330.04100000000005
2017-10-22,1124.3,424.765,46.077,470.842
2017-10-23,1443.814,258.99399999999997,30.342,289.33599999999996
2017-10-24,1471.211,290.403,41.48,331.88300000000004
2017-10-25,1480.145,454.958,52.36,507.31800000000004
2017-10-26,1459.198,327.707,54.839999999999996,382.54699999999997
2017-10-27,1433.286,528.1899999999999,52.374,580.564
2017-10-28,1238.524,819.82,26.8,846.62
2017-10-29,1165.358,720.109,52.24,772.349
2017-10-30,1298.333,407.048,69.883,476.931
2017-10-31,1166.514,256.958,56.769,313.72700000000003
2017-11-01,1306.658,420.446,37.046,457.492
2017-11-02,1434.352,336.74399999999997,51.505,388.24899999999997
2017-11-03,1422.627,115.926,50.76,166.686
2017-11-04,1251.629,309.378,57.357,366.735
2017-11-05,1142.782,259.37,25.26,284.63
2017-11-06,1456.82,98.415,40.300000000000004,138.715
2017-11-07,1501.0,148.783,27.301000000000002,176.084
2017-11-08,1489.454,62.667,18.331,80.998
2017-11-09,1497.599,210.486,15.29,225.77599999999998
2017-11-10,1507.433,627.817,12.770999999999999,640.588
2017-11-11,1298.047,530.921,18.163,549.0840000000001
2017-11-12,1196.987,235.424,15.731,251.155
2017-11-13,1491.55,205.07,36.998,242.06799999999998
2017-11-14,1524.262,294.483,38.772999999999996,333.256
2017-11-15,1488.335,98.028,25.804,123.83200000000001
2017-11-16,1534.454,179.49,18.147,197.637
2017-11-17,1508.416,204.464,32.918,237.382
2017-11-18,1321.772,606.664,18.879,625.543
2017-11-19,1207.747,721.237,28.649,749.886
2017-11-20,1525.892,380.28499999999997,14.912,395.19699999999995
2017-11-21,1535.243,318.593,11.239,329.832
2017-11-22,1526.982,588.235,46.147,634.3820000000001
2017-11-23,1555.663,730.725,42.046,772.7710000000001
2017-11-24,1509.98,313.086,30.44,343.526
2017-11-25,1308.5240000000001,238.671,13.552000000000001,252.22299999999998
2017-11-26,1235.12,599.329,22.587,621.9159999999999
2017-11-27,1578.479,743.28,21.983,765.2629999999999
2017-11-28,1580.846,514.932,19.658,534.59
2017-11-29,1546.29,99.654,24.154,123.80799999999999
2017-11-30,1555.763,66.388,14.314,80.702
2017-12-01,1526.275,52.324,19.266,71.59
2017-12-02,1342.929,126.273,16.46,142.733
2017-12-03,1278.463,387.488,12.411,399.899
2017-12-04,1586.186,479.8,10.746,490.546
2017-12-05,1604.929,611.486,10.951,622.437
2017-12-06,1597.766,632.499,8.008,640.5070000000001
2017-12-07,1598.575,743.722,42.995,786.717
2017-12-08,1579.53,652.825,20.502000000000002,673.327
2017-12-09,1364.903,712.318,12.343,724.661
2017-12-10,1272.6,622.944,9.92,632.8639999999999
2017-12-11,1575.607,415.106,5.6690000000000005,420.775
2017-12-12,1610.8609999999999,590.097,13.248000000000001,603.345
2017-12-13,1613.803,721.539,36.88,758.419
2017-12-14,1611.119,666.438,21.028,687.466
2017-12-15,1532.579,176.421,21.653,198.07399999999998
2017-12-16,1338.356,277.392,15.903,293.295
2017-12-17,1253.527,250.721,12.620000000000001,263.341
2017-12-18,1538.769,134.841,15.897,150.738
2017-12-19,1540.667,99.098,8.794,107.892
2017-12-20,1505.445,90.882,8.799999999999999,99.682
2017-12-21,1473.731,259.038,7.312,266.35
2017-12-22,1376.102,228.772,10.065000000000001,238.837
2017-12-23,1215.0620000000001,748.074,8.448,756.5219999999999
2017-12-24,1085.802,812.42,9.95,822.37
2017-12-25,1060.306,587.81,15.764,603.574
2017-12-26,1088.173,717.45,30.923000000000002,748.373
2017-12-27,1225.045,394.505,16.531,411.036
2017-12-28,1258.914,506.423,14.16,520.583
2017-12-29,1245.974,584.277,30.538,614.815
2017-12-30,1161.394,721.245,7.465,728.71
2017-12-31,1061.793,721.172,19.979,741.1510000000001
2018-01-01,1063.368,680.095,29.485999999999997,709.581
2018-01-02,1362.988,472.798,16.326999999999998,489.125
2018-01-03,1477.401,937.8820000000001,13.103,950.985
2018-01-04,1467.407,591.315,9.263,600.5780000000001
2018-01-05,1436.054,526.593,18.381,544.9739999999999
2018-01-06,1225.864,203.896,29.154999999999998,233.051
2018-01-07,1183.135,389.48,17.0,406.48
2018-01-08,1523.648,557.074,30.372,587.4459999999999
2018-01-09,1550.38,519.081,29.453,548.534
2018-01-10,1498.537,148.126,37.828,185.954
2018-01-11,1506.485,35.784,21.017,56.801
2018-01-12,1490.555,132.627,11.011000000000001,143.638
2018-01-13,1303.094,336.296,11.431,347.727
2018-01-14,1216.045,396.861,33.246,430.10699999999997
2018-01-15,1565.053,742.827,30.279,773.106
2018-01-16,1592.054,673.261,18.545,691.8059999999999
2018-01-17,1603.534,661.151,18.862000000000002,680.0129999999999
2018-01-18,1596.151,684.235,15.811,700.046
2018-01-19,1517.831,297.655,26.535999999999998,324.191
2018-01-20,1311.323,205.317,15.013,220.33
2018-01-21,1207.923,109.088,18.297,127.38499999999999
2018-01-22,1513.782,313.943,9.659,323.602
2018-01-23,1542.97,394.519,18.98,413.499
2018-01-24,1557.519,761.971,41.024,802.995
2018-01-25,1524.241,394.296,30.156,424.452
2018-01-26,1477.983,50.691,27.65,78.34100000000001
2018-01-27,1281.1490000000001,314.429,25.558,339.98699999999997
2018-01-28,1203.899,841.002,22.197,863.199
2018-01-29,1525.812,899.632,23.739,923.371
2018-01-30,1536.004,467.717,49.856,517.573
2018-01-31,1572.225,705.576,30.907999999999998,736.484
2018-02-01,1561.947,522.149,32.595,554.744
2018-02-02,1521.025,351.065,38.07,389.135
2018-02-03,1288.114,112.228,25.098,137.326
2018-02-04,1211.977,252.417,26.189,278.606
2018-02-05,1514.445,202.82,53.302,256.122
2018-02-06,1539.424,93.384,66.492,159.876
2018-02-07,1560.716,56.454,55.937,112.39099999999999
2018-02-08,1556.3029999999999,91.859,51.721000000000004,143.57999999999998
2018-02-09,1551.989,209.042,42.355,251.397
2018-02-10,1326.277,171.106,24.427,195.533
2018-02-11,1239.864,625.419,28.516000000000002,653.935
2018-02-12,1502.628,463.91,47.379999999999995,511.29
2018-02-13,1516.714,259.054,97.675,356.729
2018-02-14,1546.8980000000001,325.599,113.511,439.11
2018-02-15,1590.692,506.31899999999996,30.743000000000002,537.062
2018-02-16,1517.847,328.201,71.702,399.903
2018-02-17,1316.896,72.441,34.463,106.904
2018-02-18,1212.271,125.794,59.636,185.43
2018-02-19,1501.918,59.739000000000004,58.919000000000004,118.65800000000002
2018-02-20,1528.702,109.402,65.83500000000001,175.23700000000002
2018-02-21,1523.119,153.066,91.72500000000001,244.791
2018-02-22,1533.351,261.194,88.681,349.875
2018-02-23,1527.69,360.33,105.663,465.993
2018-02-24,1334.27,585.218,109.93299999999999,695.151
2018-02-25,1247.368,350.782,122.087,472.86899999999997
2018-02-26,1580.262,398.252,81.635,479.887
2018-02-27,1619.598,337.614,97.963,435.577
2018-02-28,1634.027,571.612,108.252,679.8639999999999
2018-03-01,1618.882,727.976,110.481,838.457
2018-03-02,1604.981,528.622,102.08999999999999,630.712
2018-03-03,1368.154,426.26099999999997,77.042,503.303
2018-03-04,1232.353,407.408,100.457,507.865
2018-03-05,1474.615,293.805,104.489,398.294
2018-03-06,1492.512,137.892,76.481,214.373
2018-03-07,1515.911,160.869,56.921,217.79
2018-03-08,1531.1480000000001,482.952,93.282,576.234
2018-03-09,1512.961,357.414,71.752,429.166
2018-03-10,1266.883,295.619,56.038000000000004,351.65700000000004
2018-03-11,1147.97,243.889,84.287,328.17600000000004
2018-03-12,1460.167,205.671,49.399,255.07
2018-03-13,1518.795,426.653,52.336999999999996,478.99
2018-03-14,1493.3990000000001,155.294,71.45400000000001,226.74800000000002
2018-03-15,1534.676,646.695,108.58500000000001,755.2800000000001
2018-03-16,1528.868,589.078,48.725,637.803
2018-03-17,1387.156,798.877,52.766,851.6429999999999
2018-03-18,1305.785,745.651,82.333,827.9839999999999
2018-03-19,1545.366,242.75300000000001,119.135,361.88800000000003
2018-03-20,1584.8120000000001,338.624,99.835,438.459
2018-03-21,1565.123,207.313,135.522,342.835
2018-03-22,1572.047,398.658,56.308,454.966
2018-03-23,1517.87,99.297,44.666000000000004,143.963
2018-03-24,1267.769,70.626,144.55,215.17600000000002
2018-03-25,1153.619,39.301,158.681,197.98200000000003
2018-03-26,1467.624,62.85,72.807,135.657
2018-03-27,1468.363,134.081,112.027,246.108
2018-03-28,1511.233,448.007,46.278,494.285
2018-03-29,1464.366,344.249,95.124,439.37300000000005
2018-03-30,1159.549,349.948,145.949,495.897
2018-03-31,1161.034,291.433,74.111,365.544
2018-04-01,1075.3029999999999,370.937,71.797,442.73400000000004
2018-04-02,1079.921,243.806,151.58,395.386
2018-04-03,1413.12,414.041,142.943,556.984
2018-04-04,1443.555,355.585,138.516,494.101
2018-04-05,1490.895,638.64,98.876,737.516
2018-04-06,1429.838,336.817,216.112,552.929
2018-04-07,1212.683,431.217,212.637,643.854
2018-04-08,1091.725,160.398,197.089,357.48699999999997
2018-04-09,1381.746,167.152,145.76,312.912
2018-04-10,1440.243,423.244,155.791,579.0350000000001
2018-04-11,1462.421,413.064,150.466,563.53
2018-04-12,1450.052,477.532,142.466,619.998
2018-04-13,1434.598,312.741,85.50800000000001,398.249
2018-04-14,1189.337,242.15800000000002,156.292,398.45000000000005
2018-04-15,1066.383,65.382,142.178,207.56
2018-04-16,1371.593,81.003,101.678,182.68099999999998
2018-04-17,1385.784,99.979,195.008,294.987
2018-04-18,1385.29,110.034,213.958,323.992
2018-04-19,1393.887,206.8,214.802,421.602
2018-04-20,1379.114,183.98499999999999,212.343,396.328
2018-04-21,1164.958,87.213,208.75,295.96299999999997
2018-04-22,1064.3319999999999,185.255,197.445,382.7
2018-04-23,1384.203,392.314,139.109,531.423
2018-04-24,1409.605,376.996,142.09199999999998,519.088
2018-04-25,1437.092,525.327,138.715,664.042
2018-04-26,1436.767,453.042,137.87199999999999,590.914
2018-04-27,1385.282,166.315,206.522,372.837
2018-04-28,1177.513,167.368,178.732,346.1
2018-04-29,1067.114,230.286,188.281,418.567
2018-04-30,1281.75,616.202,152.015,768.217
2018-05-01,1110.1779999999999,556.564,149.88,706.444
2018-05-02,1396.6200000000001,205.695,160.144,365.839
2018-05-03,1422.03,186.463,169.952,356.41499999999996
2018-05-04,1399.659,158.183,201.186,359.369
2018-05-05,1178.154,210.907,223.943,434.85
2018-05-06,1084.216,232.488,239.472,471.96000000000004
2018-05-07,1401.587,237.96800000000002,237.923,475.891
2018-05-08,1430.139,308.091,238.657,546.748
2018-05-09,1413.67,217.018,210.976,427.994
2018-05-10,1134.828,246.078,146.355,392.433
2018-05-11,1260.826,68.851,163.237,232.088
2018-05-12,1154.914,167.849,202.809,370.658
2018-05-13,1083.982,334.973,177.559,512.532
2018-05-14,1412.565,345.478,178.18,523.658
2018-05-15,1425.414,185.883,173.236,359.119
2018-05-16,1431.052,261.642,117.915,379.557
2018-05-17,1441.611,399.395,150.094,549.489
2018-05-18,1404.74,117.074,172.561,289.635
2018-05-19,1164.906,62.943,185.185,248.128
2018-05-20,1021.732,276.301,200.005,476.306
2018-05-21,1063.46,381.295,239.371,620.666
2018-05-22,1390.786,166.44,204.835,371.275
2018-05-23,1433.532,251.241,182.998,434.23900000000003
2018-05-24,1437.715,341.783,145.9,487.683
2018-05-25,1403.603,256.954,199.52700000000002,456.481
2018-05-26,1190.657,128.442,227.439,355.881
2018-05-27,1091.782,175.478,190.195,365.673
2018-05-28,1421.894,177.523,225.638,403.161
2018-05-29,1454.69,284.52,201.699,486.219
2018-05-30,1419.749,102.768,208.34,311.108
2018-05-31,1227.972,122.405,206.268,328.673
2018-06-01,1313.646,130.07999999999998,163.686,293.76599999999996
2018-06-02,1158.359,102.28,152.733,255.013
2018-06-03,1072.607,50.282,189.437,239.719
2018-06-04,1396.992,119.869,208.775,328.644
2018-06-05,1436.182,101.162,197.097,298.259
2018-06-06,1446.905,217.474,232.624,450.09799999999996
2018-06-07,1453.064,129.058,201.235,330.293
2018-06-08,1426.782,80.923,195.10999999999999,276.033
2018-06-09,1210.886,83.637,189.124,272.76099999999997
2018-06-10,1112.545,112.464,174.51,286.974
2018-06-11,1433.184,186.893,169.024,355.91700000000003
2018-06-12,1434.534,218.306,121.266,339.572
2018-06-13,1426.717,214.736,88.83,303.566
2018-06-14,1429.305,208.822,187.828,396.65
2018-06-15,1405.359,36.661,183.203,219.864
2018-06-16,1177.842,71.934,193.543,265.477
2018-06-17,1086.869,211.532,170.764,382.29600000000005
2018-06-18,1422.0529999999999,204.361,166.399,370.76
2018-06-19,1457.307,201.53,151.567,353.097
2018-06-20,1462.888,196.791,215.12800000000001,411.919
2018-06-21,1462.575,524.114,181.048,705.162
2018-06-22,1407.563,573.718,160.949,734.6669999999999
2018-06-23,1170.531,466.822,148.41400000000002,615.236
2018-06-24,1074.28,226.841,129.42,356.26099999999997
2018-06-25,1401.591,197.642,158.806,356.448
2018-06-26,1422.317,94.463,171.635,266.09799999999996
2018-06-27,1422.816,143.649,216.261,359.90999999999997
2018-06-28,1439.3600000000001,206.433,161.52,367.953
2018-06-29,1405.7,201.327,212.03900000000002,413.366
2018-06-30,1179.018,250.023,244.755,494.778
2018-07-01,1084.057,279.723,255.427,535.15
2018-07-02,1400.476,140.805,257.69,398.495
2018-07-03,1440.049,82.021,241.39,323.411
2018-07-04,1449.513,43.893,200.332,244.225
2018-07-05,1453.465,144.743,169.76,314.503
2018-07-06,1418.013,296.642,156.511,453.153
2018-07-07,1170.717,294.703,236.099,530.8019999999999
2018-07-08,1068.576,163.11599999999999,228.019,391.135
2018-07-09,1382.3319999999999,290.652,192.34799999999998,483.0
2018-07-10,1386.083,171.349,123.843,295.192
2018-07-11,1376.85,120.45,131.811,252.26100000000002
2018-07-12,1374.318,161.337,163.328,324.66499999999996
2018-07-13,1360.016,138.913,218.13400000000001,357.047
2018-07-14,1131.521,88.859,208.149,297.008
2018-07-15,1040.516,61.068,207.459,268.527
2018-07-16,1339.618,48.543,209.683,258.226
2018-07-17,1372.255,134.185,205.623,339.808
2018-07-18,1376.828,225.995,215.613,441.608
2018-07-19,1366.904,118.917,223.633,342.55
2018-07-20,1339.392,81.533,211.036,292.569
2018-07-21,1130.277,77.848,125.104,202.952
2018-07-22,1056.975,74.934,136.166,211.1
2018-07-23,1365.425,43.249,200.093,243.34199999999998
2018-07-24,1398.013,35.798,227.12199999999999,262.91999999999996
2018-07-25,1417.898,77.376,207.923,285.299
2018-07-26,1419.851,162.671,222.217,384.88800000000003
2018-07-27,1398.559,240.112,209.752,449.86400000000003
2018-07-28,1186.1009999999999,236.218,167.972,404.19
2018-07-29,1072.377,136.959,200.541,337.5
2018-07-30,1371.452,103.104,207.326,310.43
2018-07-31,1405.774,136.422,206.79,343.212
2018-08-01,1396.3509999999999,93.655,181.816,275.471
2018-08-02,1403.751,80.175,194.361,274.536
2018-08-03,1382.454,66.133,213.28,279.413
2018-08-04,1194.2359999999999,118.048,190.045,308.09299999999996
2018-08-05,1080.451,197.024,194.357,391.381
2018-08-06,1366.916,86.471,224.432,310.903
2018-08-07,1403.334,147.077,191.145,338.222
2018-08-08,1423.756,286.166,169.541,455.707
2018-08-09,1406.065,299.829,180.57999999999998,480.409
2018-08-10,1357.881,419.369,150.60999999999999,569.979
2018-08-11,1132.388,398.533,182.27700000000002,580.8100000000001
2018-08-12,1030.433,132.097,211.602,343.699
2018-08-13,1338.31,176.321,129.614,305.935
2018-08-14,1352.481,299.39,135.621,435.01099999999997
2018-08-15,1313.368,115.651,142.103,257.754
2018-08-16,1358.858,159.09,212.894,371.98400000000004
2018-08-17,1342.588,123.02,179.477,302.497
2018-08-18,1171.282,156.67,187.384,344.054
2018-08-19,1078.471,184.448,198.945,383.39300000000003
2018-08-20,1369.526,170.463,144.673,315.13599999999997
2018-08-21,1380.031,50.278,171.581,221.85899999999998
2018-08-22,1408.002,90.934,199.007,289.94100000000003
2018-08-23,1426.679,150.369,160.327,310.696
2018-08-24,1386.019,327.214,108.22,435.43399999999997
2018-08-25,1154.646,297.177,96.416,393.593
2018-08-26,1056.393,225.923,184.301,410.224
2018-08-27,1401.588,507.705,121.039,628.744
2018-08-28,1388.304,93.993,165.907,259.9
2018-08-29,1404.496,183.37800000000001,177.245,360.62300000000005
2018-08-30,1408.865,331.214,81.663,412.877
2018-08-31,1347.898,155.55,102.988,258.538
2018-09-01,1145.192,98.256,122.421,220.67700000000002
2018-09-02,1074.282,170.535,78.144,248.679
2018-09-03,1382.46,167.508,96.69200000000001,264.20000000000005
2018-09-04,1402.144,83.124,136.608,219.732
2018-09-05,1397.233,78.247,167.416,245.663
2018-09-06,1411.002,116.157,140.725,256.882
2018-09-07,1384.594,218.439,102.417,320.856
2018-09-08,1174.031,275.988,172.18800000000002,448.17600000000004
2018-09-09,1072.83,155.097,161.90800000000002,317.005
2018-09-10,1385.474,180.278,136.237,316.515
2018-09-11,1434.741,434.884,161.734,596.618
2018-09-12,1422.914,213.161,153.095,366.256
2018-09-13,1406.757,61.174,88.606,149.78
2018-09-14,1376.411,146.249,107.782,254.031
2018-09-15,1163.9660000000001,233.76500000000001,131.634,365.399
2018-09-16,1069.905,178.312,169.802,348.11400000000003
2018-09-17,1375.395,128.75,169.018,297.76800000000003
2018-09-18,1455.775,357.165,170.265,527.4300000000001
2018-09-19,1450.314,342.514,153.551,496.065
2018-09-20,1447.5620000000001,329.209,154.87800000000001,484.087
2018-09-21,1458.548,734.188,93.47,827.658
2018-09-22,1207.228,541.044,111.125,652.169
2018-09-23,1114.632,382.635,50.429,433.06399999999996
2018-09-24,1423.826,598.468,131.064,729.5319999999999
2018-09-25,1407.105,188.186,160.265,348.451
2018-09-26,1451.959,492.55,147.659,640.2090000000001
2018-09-27,1426.402,314.308,156.948,471.256
2018-09-28,1422.547,358.931,121.814,480.745
2018-09-29,1194.314,207.025,159.667,366.692
2018-09-30,1102.686,195.832,161.752,357.584
2018-10-01,1416.219,342.987,76.559,419.54600000000005
2018-10-02,1453.853,704.392,55.055,759.447
2018-10-03,1198.79,591.732,86.255,677.987
2018-10-04,1388.491,218.138,111.888,330.026
2018-10-05,1378.3120000000001,221.463,155.97899999999998,377.442
2018-10-06,1183.7930000000001,183.958,125.387,309.345
2018-10-07,1100.768,211.96,92.47,304.43
2018-10-08,1405.071,198.023,115.605,313.628
2018-10-09,1423.952,168.321,106.617,274.938
2018-10-10,1418.341,271.049,131.03,402.07899999999995
2018-10-11,1447.016,378.196,131.699,509.89500000000004
2018-10-12,1403.99,326.377,134.785,461.16200000000003
2018-10-13,1183.048,365.327,137.382,502.709
2018-10-14,1101.204,400.267,137.123,537.39
2018-10-15,1381.8020000000001,153.49,124.529,278.019
2018-10-16,1405.673,52.173,108.043,160.216
2018-10-17,1407.042,50.383,116.468,166.851
2018-10-18,1429.421,157.001,85.44,242.441
2018-10-19,1390.1779999999999,49.804,86.407,136.211
2018-10-20,1211.982,116.323,86.941,203.264
2018-10-21,1141.939,149.356,103.527,252.88299999999998
2018-10-22,1464.403,338.29,81.702,419.992
2018-10-23,1533.409,864.205,28.192,892.397
2018-10-24,1506.698,661.105,38.538000000000004,699.643
2018-10-25,1492.811,576.144,36.799,612.943
2018-10-26,1449.126,429.065,51.662,480.727
2018-10-27,1245.71,358.255,37.145,395.4
2018-10-28,1166.875,466.233,27.394,493.627
2018-10-29,1496.905,572.823,15.992,588.8149999999999
2018-10-30,1508.166,728.078,43.385999999999996,771.4639999999999
2018-10-31,1401.622,438.147,78.591,516.7379999999999
2018-11-01,1277.236,298.99,44.722,343.712
2018-11-02,1358.953,317.434,55.987,373.42100000000005
2018-11-03,1220.34,166.184,56.753,222.937
2018-11-04,1130.933,188.30100000000002,22.226,210.52700000000002
2018-11-05,1437.182,210.98,45.461,256.441
2018-11-06,1468.573,243.394,70.838,314.23199999999997
2018-11-07,1487.778,272.715,80.606,353.32099999999997
2018-11-08,1476.516,174.12,44.317,218.437
2018-11-09,1463.203,242.364,34.655,277.019
2018-11-10,1275.402,491.683,35.837,527.52
2018-11-11,1162.809,529.95,42.74,572.69
2018-11-12,1453.006,316.067,41.93,357.997
2018-11-13,1504.547,485.892,23.394000000000002,509.286
2018-11-14,1505.33,234.607,49.393,284.0
2018-11-15,1515.757,187.34,44.126999999999995,231.46699999999998
2018-11-16,1512.41,368.873,75.882,444.755
2018-11-17,1338.072,447.435,80.90299999999999,528.338
2018-11-18,1199.82,366.328,69.174,435.50199999999995
2018-11-19,1547.961,673.502,18.837,692.3389999999999
2018-11-20,1588.057,732.443,22.046,754.489
2018-11-21,1572.392,396.548,16.576,413.124
2018-11-22,1570.714,186.748,20.621,207.369
2018-11-23,1521.816,98.342,29.985,128.327
2018-11-24,1314.0720000000001,107.988,16.337,124.325
2018-11-25,1225.953,178.695,21.647,200.34199999999998
2018-11-26,1525.694,240.903,11.103,252.006
2018-11-27,1556.9569999999999,147.985,15.973999999999998,163.959
2018-11-28,1622.753,534.6320000000001,35.069,569.701
2018-11-29,1615.72,655.101,31.406,686.507
2018-11-30,1569.886,447.276,12.406,459.682
2018-12-01,1342.913,454.201,27.296,481.497
2018-12-02,1245.775,648.2860000000001,8.032,656.3180000000001
2018-12-03,1541.247,609.178,17.736,626.914
2018-12-04,1564.282,487.258,31.009,518.2669999999999
2018-12-05,1578.884,346.902,32.668,379.57
2018-12-06,1581.271,500.778,10.874,511.65200000000004
2018-12-07,1560.233,787.334,11.698,799.0319999999999
2018-12-08,1374.452,998.899,18.137,1017.0360000000001
2018-12-09,1269.843,888.048,11.513,899.561
2018-12-10,1598.131,842.063,23.727,865.79
2018-12-11,1596.176,476.052,18.570999999999998,494.62300000000005
2018-12-12,1575.496,167.25,17.306,184.556
2018-12-13,1593.433,263.039,19.737000000000002,282.776
2018-12-14,1575.088,165.798,9.677,175.475
2018-12-15,1384.575,283.693,9.248,292.941
2018-12-16,1302.009,294.83299999999997,7.829,302.662
2018-12-17,1530.032,193.625,12.758,206.383
2018-12-18,1556.582,343.368,31.158,374.526
2018-12-19,1569.21,457.762,9.889,467.651
2018-12-20,1511.565,378.972,18.42,397.392
2018-12-21,1434.216,754.43,6.573,761.0029999999999
2018-12-22,1238.788,519.328,11.551,530.879
2018-12-23,1140.2450000000001,405.051,9.498,414.549
2018-12-24,1130.752,356.747,19.312,376.059
2018-12-25,1097.551,552.75,18.841,571.591
2018-12-26,1127.19,403.20300000000003,24.225,427.42800000000005
2018-12-27,1266.525,282.80899999999997,27.663,310.472
2018-12-28,1263.661,228.763,27.556,256.319
2018-12-29,1227.454,533.095,10.389999999999999,543.485
2018-12-30,1131.565,565.673,12.451,578.124
2018-12-31,1148.098,245.13,9.327,254.457
2019-01-01,1096.818,815.236,10.091,825.327
2019-01-02,1387.561,666.61,31.118,697.7280000000001
2019-01-03,1450.347,288.82,22.529,311.349
2019-01-04,1465.718,550.139,9.581,559.72
2019-01-05,1302.064,595.7330000000001,6.806,602.5390000000001
2019-01-06,1188.781,245.99,11.843,257.833
2019-01-07,1505.437,465.916,10.431,476.347
2019-01-08,1592.422,962.242,13.495000000000001,975.737
2019-01-09,1605.541,760.415,13.002,773.4169999999999
2019-01-10,1553.378,172.918,10.977,183.895
2019-01-11,1586.661,510.712,5.34,516.052
2019-01-12,1354.625,731.114,6.872,737.986
2019-01-13,1280.466,907.162,6.074,913.236
2019-01-14,1580.879,829.824,25.279999999999998,855.1039999999999
2019-01-15,1597.212,829.4689999999999,15.105,844.574
2019-01-16,1587.297,728.908,31.044,759.952
2019-01-17,1598.738,737.765,20.161,757.9259999999999
2019-01-18,1539.8609999999999,238.374,47.412,285.786
2019-01-19,1331.773,135.33,63.099,198.429
2019-01-20,1251.387,59.278,53.513,112.791
2019-01-21,1565.741,133.394,51.716,185.11
2019-01-22,1629.258,297.14,37.538,334.678
2019-01-23,1636.406,161.608,27.037,188.645
2019-01-24,1614.503,48.158,14.512,62.67
2019-01-25,1596.455,199.919,16.236,216.155
2019-01-26,1387.756,507.31600000000003,11.533,518.849
2019-01-27,1252.499,578.109,23.961,602.07
2019-01-28,1564.525,495.927,24.378,520.3050000000001
2019-01-29,1573.591,345.6,35.955,381.555
2019-01-30,1581.907,445.385,33.922,479.307
2019-01-31,1568.665,251.022,54.458999999999996,305.481
2019-02-01,1567.7259999999999,340.526,20.369,360.895
2019-02-02,1324.352,117.691,20.033,137.724
2019-02-03,1250.147,292.185,19.587,311.772
2019-02-04,1554.441,493.65999999999997,56.587,550.247
2019-02-05,1590.847,351.172,35.248,386.42
2019-02-06,1573.666,362.081,54.64,416.721
2019-02-07,1600.48,617.208,27.671,644.879
2019-02-08,1560.224,782.35,55.579,837.929
2019-02-09,1356.901,927.505,57.346000000000004,984.851
2019-02-10,1239.843,793.495,25.343,818.838
2019-02-11,1576.908,790.925,40.097,831.0219999999999
2019-02-12,1567.663,464.461,46.594,511.055
2019-02-13,1572.777,458.152,72.09700000000001,530.249
2019-02-14,1535.395,184.359,102.95700000000001,287.31600000000003
2019-02-15,1508.118,216.372,126.463,342.83500000000004
2019-02-16,1280.431,373.375,127.754,501.129
2019-02-17,1172.941,218.992,121.886,340.878
2019-02-18,1479.719,259.182,130.737,389.919
2019-02-19,1542.973,578.83,66.616,645.446
2019-02-20,1518.22,366.915,75.16,442.07500000000005
2019-02-21,1511.198,412.844,63.606,476.45
2019-02-22,1491.577,237.05,47.569,284.619
2019-02-23,1278.69,211.989,128.44,340.429
2019-02-24,1168.166,99.88,127.709,227.589
2019-02-25,1450.753,117.978,138.888,256.866
2019-02-26,1480.463,80.395,131.282,211.67700000000002
2019-02-27,1489.008,201.884,149.453,351.337
2019-02-28,1480.399,424.526,121.55,546.076
2019-03-01,1474.2160000000001,209.802,31.872,241.67399999999998
2019-03-02,1267.024,279.257,35.211999999999996,314.469
2019-03-03,1183.083,845.935,48.659,894.5939999999999
2019-03-04,1471.039,944.428,60.335,1004.763
2019-03-05,1499.879,734.927,70.024,804.951
2019-03-06,1493.381,609.521,100.057,709.578
2019-03-07,1510.107,865.265,69.869,935.134
2019-03-08,1480.475,794.143,83.474,877.6170000000001
2019-03-09,1284.165,925.108,59.287,984.395
2019-03-10,1171.434,536.965,51.349,588.3140000000001
2019-03-11,1497.809,637.039,66.667,703.706
2019-03-12,1504.038,704.672,110.93900000000001,815.611
2019-03-13,1547.063,954.652,79.842,1034.4940000000001
2019-03-14,1551.258,891.204,34.122,925.3259999999999
2019-03-15,1521.453,917.489,36.13,953.619
2019-03-16,1273.487,781.855,53.092,834.947
2019-03-17,1198.149,775.324,103.203,878.5269999999999
2019-03-18,1494.305,704.1899999999999,101.952,806.1419999999999
2019-03-19,1497.908,197.478,135.391,332.869
2019-03-20,1481.712,247.775,160.746,408.521
2019-03-21,1460.821,217.272,165.043,382.315
2019-03-22,1421.133,120.366,164.432,284.798
2019-03-23,1212.556,189.999,155.15,345.149
2019-03-24,1116.658,193.375,137.484,330.85900000000004
2019-03-25,1454.777,583.691,109.078,692.769
2019-03-26,1477.696,452.286,85.996,538.282
2019-03-27,1464.563,244.07,91.979,336.049
2019-03-28,1443.308,112.574,102.484,215.058
2019-03-29,1396.554,144.999,174.85999999999999,319.859
2019-03-30,1184.709,158.476,204.365,362.841
2019-03-31,1116.007,268.339,168.9,437.23900000000003
2019-04-01,1403.002,321.033,214.223,535.2560000000001
2019-04-02,1458.393,440.387,176.227,616.614
2019-04-03,1445.2350000000001,184.05700000000002,119.34,303.39700000000005
2019-04-04,1457.117,159.442,106.582,266.024
2019-04-05,1435.695,120.30199999999999,79.476,199.778
2019-04-06,1187.166,195.131,173.18,368.31100000000004
2019-04-07,1094.28,162.788,186.998,349.786
2019-04-08,1399.265,224.523,145.576,370.099
2019-04-09,1446.354,289.901,145.91,435.81100000000004
2019-04-10,1448.945,306.573,154.261,460.83399999999995
2019-04-11,1440.596,222.908,150.207,373.115
2019-04-12,1428.133,198.175,112.023,310.198
2019-04-13,1231.67,284.338,122.773,407.111
2019-04-14,1141.72,321.99,115.31800000000001,437.308
2019-04-15,1398.07,390.903,225.365,616.268
2019-04-16,1441.097,427.714,221.233,648.947
2019-04-17,1424.497,397.092,201.037,598.129
2019-04-18,1367.387,473.276,234.75,708.0260000000001
2019-04-19,1059.125,314.901,238.016,552.917
2019-04-20,1044.815,173.459,238.193,411.65200000000004
2019-04-21,943.261,155.975,239.745,395.72
2019-04-22,1013.1659999999999,530.864,236.687,767.551
2019-04-23,1365.201,746.865,186.883,933.748
2019-04-24,1388.289,507.702,207.951,715.653
2019-04-25,1394.648,331.059,211.871,542.9300000000001
2019-04-26,1380.617,271.997,108.075,380.072
2019-04-27,1161.5819999999999,264.574,126.033,390.607
2019-04-28,1089.071,111.83,133.506,245.336
2019-04-29,1403.843,272.055,101.91799999999999,373.973
2019-04-30,1368.016,171.326,197.99699999999999,369.323
2019-05-01,1073.955,293.091,186.968,480.05899999999997
2019-05-02,1381.411,461.567,165.541,627.108
2019-05-03,1387.251,399.749,125.887,525.636
2019-05-04,1195.601,315.492,116.456,431.94800000000004
2019-05-05,1114.616,254.683,153.198,407.881
2019-05-06,1433.576,334.601,140.552,475.153
2019-05-07,1429.747,123.719,174.983,298.702
2019-05-08,1445.616,357.841,113.90599999999999,471.747
2019-05-09,1428.327,242.036,143.072,385.108
2019-05-10,1400.467,210.855,144.461,355.31600000000003
2019-05-11,1183.398,283.707,109.651,393.358
2019-05-12,1090.83,392.396,180.037,572.433
2019-05-13,1377.554,279.418,238.401,517.819
2019-05-14,1414.19,247.098,205.97299999999998,453.071
2019-05-15,1430.392,234.941,179.285,414.226
2019-05-16,1451.44,280.754,96.399,377.153
2019-05-17,1404.035,178.238,170.625,348.863
2019-05-18,1148.233,148.217,232.755,380.972
2019-05-19,1062.136,138.904,207.59799999999998,346.50199999999995
2019-05-20,1388.963,205.137,101.131,306.26800000000003
2019-05-21,1438.2440000000001,390.41,84.301,474.711
2019-05-22,1422.855,388.666,101.357,490.023
2019-05-23,1401.336,122.623,239.989,362.612
2019-05-24,1376.215,208.09,227.101,435.19100000000003
2019-05-25,1136.885,153.902,173.424,327.326
2019-05-26,1066.321,405.935,194.033,599.968
2019-05-27,1375.228,304.433,153.065,457.498
2019-05-28,1392.758,149.028,121.56700000000001,270.595
2019-05-29,1359.629,125.506,183.074,308.58000000000004
2019-05-30,1098.232,388.59499999999997,190.349,578.944
2019-05-31,1208.274,179.213,167.988,347.201
2019-06-01,1125.061,136.516,244.565,381.081
2019-06-02,1060.697,210.616,255.446,466.062
2019-06-03,1391.106,197.486,211.204,408.69
2019-06-04,1417.6680000000001,198.393,235.851,434.244
2019-06-05,1436.944,247.345,235.071,482.416
2019-06-06,1413.796,327.275,134.82999999999998,462.10499999999996
2019-06-07,1350.29,289.973,241.215,531.188
2019-06-08,1147.699,605.201,188.873,794.0740000000001
2019-06-09,1003.2280000000001,188.553,222.51,411.063
2019-06-10,1042.2649999999999,231.303,150.683,381.986
2019-06-11,1355.124,143.383,162.768,306.151
2019-06-12,1415.588,204.67,139.643,344.313
2019-06-13,1376.29,258.648,229.378,488.026
2019-06-14,1369.666,200.298,214.389,414.687
2019-06-15,1163.83,335.147,189.81,524.957
2019-06-16,1061.404,104.87,152.43800000000002,257.308
2019-06-17,1376.219,92.916,240.804,333.72
2019-06-18,1425.259,115.712,238.62099999999998,354.33299999999997
2019-06-19,1410.499,151.594,226.365,377.959
2019-06-20,1185.595,142.811,161.656,304.467
2019-06-21,1258.364,96.732,204.376,301.108
2019-06-22,1123.62,171.441,190.93099999999998,362.37199999999996
2019-06-23,1047.368,267.935,223.726,491.661
2019-06-24,1400.394,340.003,258.795,598.798
2019-06-25,1452.484,190.841,248.351,439.192
2019-06-26,1470.478,298.542,243.542,542.084
2019-06-27,1439.206,330.624,239.68,570.3040000000001
2019-06-28,1371.199,80.23,250.958,331.188
2019-06-29,1164.383,79.53999999999999,264.538,344.078
2019-06-30,1102.344,345.206,253.267,598.473
2019-07-01,1430.959,396.995,196.8,593.7950000000001
2019-07-02,1412.412,386.518,217.66,604.178
2019-07-03,1404.258,282.551,228.262,510.813
2019-07-04,1411.509,304.51,248.447,552.957
2019-07-05,1384.6200000000001,278.918,190.638,469.55600000000004
2019-07-06,1165.857,366.462,184.714,551.1759999999999
2019-07-07,1060.563,378.087,148.754,526.841
2019-07-08,1365.873,266.305,161.948,428.25300000000004
2019-07-09,1385.235,238.587,176.794,415.381
2019-07-10,1373.811,118.626,233.621,352.247
2019-07-11,1380.383,53.297,122.442,175.73899999999998
2019-07-12,1367.995,97.028,142.249,239.277
2019-07-13,1144.195,201.586,136.184,337.77
2019-07-14,1039.08,141.909,131.05,272.959
2019-07-15,1343.06,210.862,147.97,358.832
2019-07-16,1375.523,231.153,184.027,415.17999999999995
2019-07-17,1362.958,35.904,207.209,243.113
2019-07-18,1379.032,76.878,215.277,292.155
2019-07-19,1347.797,82.8,157.724,240.524
2019-07-20,1136.874,254.011,204.023,458.034
2019-07-21,1044.766,262.424,190.784,453.20799999999997
2019-07-22,1342.345,166.669,197.761,364.43
2019-07-23,1374.012,72.21,247.128,319.33799999999997
2019-07-24,1395.979,147.222,242.294,389.516
2019-07-25,1410.417,168.464,233.038,401.502
2019-07-26,1386.569,366.56,226.362,592.922
2019-07-27,1141.755,419.84000000000003,177.701,597.541
2019-07-28,1055.716,215.97400000000002,136.638,352.612
2019-07-29,1337.166,96.878,137.29,234.168
2019-07-30,1380.315,87.212,174.19899999999998,261.411
2019-07-31,1361.273,147.50900000000001,135.598,283.107
2019-08-01,1330.42,58.95,192.599,251.54899999999998
2019-08-02,1305.059,63.762,163.311,227.073
2019-08-03,1086.431,95.06700000000001,159.695,254.762
2019-08-04,1001.209,54.081,207.061,261.142
2019-08-05,1278.038,110.075,143.358,253.433
2019-08-06,1315.792,151.993,165.692,317.685
2019-08-07,1324.1009999999999,201.03,107.222,308.252
2019-08-08,1326.621,319.845,197.432,517.277
2019-08-09,1318.758,203.195,170.1,373.29499999999996
2019-08-10,1132.402,588.611,130.177,718.788
2019-08-11,1043.489,367.728,204.19400000000002,571.922
2019-08-12,1299.034,257.923,132.077,390.0
2019-08-13,1313.675,256.403,161.224,417.627
2019-08-14,1293.651,175.84799999999998,200.403,376.251
2019-08-15,1302.132,391.677,111.537,503.21400000000006
2019-08-16,1261.131,211.247,183.568,394.81500000000005
2019-08-17,1100.0240000000001,391.408,98.425,489.833
2019-08-18,1024.433,271.479,155.085,426.56399999999996
2019-08-19,1317.017,289.031,160.028,449.05899999999997
2019-08-20,1325.529,145.164,109.482,254.646
2019-08-21,1310.217,73.96000000000001,198.693,272.653
2019-08-22,1316.373,147.064,215.331,362.395
2019-08-23,1299.613,96.738,210.878,307.616
2019-08-24,1104.166,169.462,208.462,377.924
2019-08-25,1035.891,124.353,197.723,322.076
2019-08-26,1362.847,75.862,193.214,269.076
2019-08-27,1407.073,98.092,189.597,287.689
2019-08-28,1407.17,93.916,170.467,264.38300000000004
2019-08-29,1388.307,97.589,146.978,244.567
2019-08-30,1349.321,60.118,189.669,249.787
2019-08-31,1135.975,162.761,204.412,367.173
2019-09-01,1036.758,248.769,135.872,384.641
2019-09-02,1302.334,204.608,157.704,362.312
2019-09-03,1335.214,323.468,165.31799999999998,488.786
2019-09-04,1344.776,303.173,191.194,494.36699999999996
2019-09-05,1365.825,460.176,120.82900000000001,581.005
2019-09-06,1320.778,290.419,153.442,443.861
2019-09-07,1105.609,95.43299999999999,90.158,185.591
2019-09-08,1035.915,35.051,89.769,124.82000000000001
2019-09-09,1328.432,122.711,70.515,193.226
2019-09-10,1348.495,288.61,169.342,457.952
2019-09-11,1368.914,373.845,166.76,540.605
2019-09-12,1387.521,299.17,135.145,434.31500000000005
2019-09-13,1366.616,327.123,129.005,456.128
2019-09-14,1118.715,119.29599999999999,182.11,301.406
2019-09-15,1043.853,419.918,176.446,596.364
2019-09-16,1341.089,203.371,101.733,305.10400000000004
2019-09-17,1372.015,591.532,121.187,712.719
2019-09-18,1353.232,438.488,170.197,608.685
2019-09-19,1359.466,179.983,176.147,356.13
2019-09-20,1329.676,121.905,170.266,292.171
2019-09-21,1134.311,177.985,191.38299999999998,369.368
2019-09-22,1051.599,237.797,157.292,395.089
2019-09-23,1378.208,167.549,79.774,247.323
2019-09-24,1398.0240000000001,142.932,98.545,241.47699999999998
2019-09-25,1399.134,161.041,79.693,240.73399999999998
2019-09-26,1407.388,281.382,67.845,349.227
2019-09-27,1385.146,389.037,72.51299999999999,461.54999999999995
2019-09-28,1155.848,669.426,103.809,773.235
2019-09-29,1087.604,685.12,95.53,780.65
2019-09-30,1391.744,750.95,94.664,845.614
2019-10-01,1429.257,411.75,79.553,491.303
2019-10-02,1390.434,451.203,82.288,533.491
2019-10-03,1105.298,228.382,85.103,313.485
2019-10-04,1238.358,301.057,47.187,348.244
2019-10-05,1128.666,301.039,62.625,363.664
2019-10-06,1107.789,344.586,66.538,411.124
2019-10-07,1385.277,189.204,99.917,289.121
2019-10-08,1430.228,550.507,39.142,589.649
2019-10-09,1426.861,556.608,55.422000000000004,612.03
2019-10-10,1433.922,672.124,81.45,753.5740000000001
2019-10-11,1419.386,835.982,84.29,920.2719999999999
2019-10-12,1178.37,552.394,117.207,669.601
2019-10-13,1100.643,466.53499999999997,116.802,583.337
2019-10-14,1385.853,314.11,133.346,447.456
2019-10-15,1441.266,214.059,101.408,315.467
2019-10-16,1459.215,428.627,81.081,509.708
2019-10-17,1443.269,306.168,78.599,384.767
2019-10-18,1421.161,539.807,78.194,618.001
2019-10-19,1188.187,451.872,45.644,497.516
2019-10-20,1091.358,140.265,71.233,211.498
2019-10-21,1410.1680000000001,179.3,59.208000000000006,238.508
2019-10-22,1438.18,164.171,72.048,236.219
2019-10-23,1456.923,172.337,68.112,240.44899999999998
2019-10-24,1450.732,287.411,64.379,351.79
2019-10-25,1414.55,537.4,83.12,620.52
2019-10-26,1208.071,717.073,101.403,818.476
2019-10-27,1110.757,581.302,61.644,642.946
2019-10-28,1429.79,273.721,70.352,344.073
2019-10-29,1463.42,134.576,59.781,194.357
2019-10-30,1461.869,124.034,79.758,203.792
2019-10-31,1366.98,190.337,102.15899999999999,292.496
2019-11-01,1235.513,427.675,38.141,465.81600000000003
2019-11-02,1186.344,598.636,41.255,639.891
2019-11-03,1101.062,291.656,35.289,326.945
2019-11-04,1413.406,262.847,47.399,310.246
2019-11-05,1459.3,212.176,36.069,248.245
2019-11-06,1485.8410000000001,106.742,31.666,138.40800000000002
2019-11-07,1500.872,293.41,55.462999999999994,348.87300000000005
2019-11-08,1473.366,142.57399999999998,33.068,175.642
2019-11-09,1255.393,164.428,31.003,195.43099999999998
2019-11-10,1182.595,134.132,63.537,197.669
2019-11-11,1498.97,428.728,38.96,467.688
2019-11-12,1519.137,520.91,36.577,557.487
2019-11-13,1505.282,350.141,30.328,380.469
2019-11-14,1497.274,350.944,70.693,421.637
2019-11-15,1470.992,473.098,25.056,498.154
2019-11-16,1259.812,328.59000000000003,32.714,361.30400000000003
2019-11-17,1179.389,301.943,20.437,322.38
2019-11-18,1480.352,409.401,29.483999999999998,438.885
2019-11-19,1532.909,382.056,36.986,419.042
2019-11-20,1518.115,36.772,21.864,58.635999999999996
2019-11-21,1526.526,134.954,19.369,154.323
2019-11-22,1508.07,282.624,29.919,312.543
2019-11-23,1283.109,623.391,47.931,671.322
2019-11-24,1186.557,291.224,38.698,329.92199999999997
2019-11-25,1488.601,62.548,14.042,76.59
2019-11-26,1522.492,235.35,22.544,257.894
2019-11-27,1549.871,545.48,16.648,562.128
2019-11-28,1535.49,857.71,25.014,882.724
2019-11-29,1487.873,618.895,30.993,649.888
2019-11-30,1252.181,195.076,47.192,242.268
2019-12-01,1217.088,134.296,21.523,155.819
2019-12-02,1460.56,344.11899999999997,31.111,375.22999999999996
2019-12-03,1544.016,275.83,34.257,310.087
2019-12-04,1549.7259999999999,278.977,58.743,337.71999999999997
2019-12-05,1588.074,436.209,46.239000000000004,482.448
2019-12-06,1567.884,860.237,31.164,891.401
2019-12-07,1310.854,841.616,19.174,860.79
2019-12-08,1236.848,918.908,24.022,942.9300000000001
2019-12-09,1522.202,749.939,29.477,779.4159999999999
2019-12-10,1555.066,550.224,44.928,595.152
2019-12-11,1582.834,436.289,21.415,457.704
2019-12-12,1576.723,403.284,16.56,419.844
2019-12-13,1526.736,555.0,16.947,571.947
2019-12-14,1310.953,843.23,22.428,865.658
2019-12-15,1214.174,853.649,28.173,881.822
2019-12-16,1471.922,441.36899999999997,28.047,469.416
2019-12-17,1477.635,546.881,33.313,580.194
2019-12-18,1458.927,407.039,30.354,437.393
2019-12-19,1438.7350000000001,558.192,42.516,600.708
2019-12-20,1354.263,653.405,27.681,681.086
2019-12-21,1206.416,429.207,31.493,460.7
2019-12-22,1140.679,419.774,15.887,435.661
2019-12-23,1214.864,612.081,16.594,628.6750000000001
2019-12-24,1112.488,455.192,18.83,474.022
2019-12-25,1042.244,293.649,13.417,307.066
2019-12-26,1042.692,132.739,27.332,160.071
2019-12-27,1172.199,146.59,20.958,167.548
2019-12-28,1141.331,159.126,36.239000000000004,195.365
2019-12-29,1087.074,349.839,54.91,404.749
2019-12-30,1200.045,669.271,53.215,722.486
2019-12-31,1124.933,425.225,36.562,461.78700000000003
